product_pid,transaction_date,apply_amt_pred,redeem_amt_pred,net_in_amt_pred
product1,20221110,0.07606882,0.11053547,-0.41915238
product1,20221111,0.06559827,0.08299391,-0.33359197
product1,20221114,0.11096972,0.18442932,-0.5141894
product1,20221115,0.10808625,0.12716237,-0.2959301
product1,20221116,0.111146934,0.11928795,-0.2339796
product1,20221117,0.09943304,0.10463426,-0.21622777
product1,20221118,0.08551492,0.088147886,-0.20961878
product1,20221121,0.13546573,0.1672754,-0.3115766
product1,20221122,0.1043051,0.10794149,-0.21457611
product1,20221123,0.10248569,0.100338355,-0.1846931
product100,20221110,0.21323262,0.5530455,-1.0337601
product100,20221111,0.21377411,0.2796447,-0.52831227
product100,20221114,0.36556,1.0574857,-1.4410145
product100,20221115,0.8608597,0.48371053,0.1080321
product100,20221116,0.83125615,0.5884469,-0.049259603
product100,20221117,0.554104,0.6979636,-0.54006743
product100,20221118,0.47650945,0.4131175,-0.24002965
product100,20221121,1.9159857,1.2265393,0.3252448
product100,20221122,1.056469,0.45673153,0.43687063
product100,20221123,1.0994227,0.43997335,0.5340482
product101,20221110,0.4878239,0.32296488,-0.2773211
product101,20221111,0.3475116,0.22205588,-0.30767006
product101,20221114,3.3231435,0.6787621,2.2451465
product101,20221115,2.8251371,0.38931295,2.241256
product101,20221116,2.4822795,0.38412097,1.8986754
product101,20221117,2.0530717,0.4577912,1.3640903
product101,20221118,1.5947121,0.289067,1.1956191
product101,20221121,10.766836,0.83851355,9.22135
product101,20221122,3.9071393,0.37268126,3.3178914
product101,20221123,4.0170813,0.4467765,3.2938156
product102,20221110,0.091564655,0.2508811,-1.1411573
product102,20221111,0.06993013,0.1605776,-1.0122683
product102,20221114,1.7155279,0.32533634,1.1426318
product102,20221115,0.98528326,0.21414521,0.63532996
product102,20221116,0.5799869,0.24710427,0.03300813
product102,20221117,0.42770103,0.32562315,-0.35547578
product102,20221118,0.37200704,0.23252249,-0.25118262
product102,20221121,7.635778,0.4097182,6.7358303
product102,20221122,1.6154776,0.27993742,1.2165123
product102,20221123,1.5176367,0.28926542,1.1024222
product103,20221110,0.14208357,0.17745318,-0.6563905
product103,20221111,0.1108365,0.12769689,-0.6038989
product103,20221114,0.7324368,0.28122744,0.21376568
product103,20221115,0.66283125,0.20994285,0.3251475
product103,20221116,0.60959446,0.20547265,0.27224195
product103,20221117,0.4274284,0.20600136,-0.012406811
product103,20221118,0.3372673,0.15659848,-0.03460621
product103,20221121,3.345307,0.41008997,2.7830358
product103,20221122,0.7771381,0.24400708,0.43272611
product103,20221123,0.7249641,0.2372803,0.37344927
product104,20221110,0.37261942,0.18543483,-0.18218586
product104,20221111,0.284682,0.13693671,-0.20609596
product104,20221114,1.7671281,0.29261145,1.3101188
product104,20221115,1.7818725,0.20761862,1.545351
product104,20221116,2.2228177,0.22810456,1.9389021
product104,20221117,1.9004433,0.28989878,1.4776411
product104,20221118,1.556669,0.22615018,1.2751623
product104,20221121,9.536252,0.45538038,8.555376
product104,20221122,3.6039722,0.28078124,3.1711974
product104,20221123,3.7601366,0.32007372,3.2192354
product105,20221110,2.1558218,1.5716379,0.29884285
product105,20221111,1.877559,0.7398066,0.9704837
product105,20221114,5.876642,6.3084903,-0.88197994
product105,20221115,5.0079827,1.812933,2.7547393
product105,20221116,3.503819,1.380338,1.7742057
product105,20221117,3.1334903,1.8463067,0.9568694
product105,20221118,2.7433963,0.8345466,1.6366729
product105,20221121,12.7574215,3.7270517,8.039161
product105,20221122,5.7148604,0.64931923,4.6248693
product105,20221123,4.9819074,0.887588,3.6528735
product106,20221110,2.0382204,0.5496729,1.329381
product106,20221111,1.6479104,0.34449333,1.2913518
product106,20221114,4.4816093,2.5619123,1.4876301
product106,20221115,3.6745625,0.89298564,2.5599499
product106,20221116,3.7060246,0.7658565,2.7267795
product106,20221117,3.4143205,0.81544644,2.3717976
product106,20221118,2.7667992,0.5141312,2.1531217
product106,20221121,7.9603853,3.7281988,3.824873
product106,20221122,3.9953866,0.980991,2.761303
product106,20221123,4.1476226,1.087399,2.7553964
product107,20221110,0.1267492,0.1797694,-0.8633802
product107,20221111,0.1002705,0.12334319,-0.80355346
product107,20221114,1.567639,0.1511337,1.3794826
product107,20221115,1.9561979,0.13685831,1.8830429
product107,20221116,2.3327076,0.14686143,2.2206235
product107,20221117,2.2182267,0.15990448,2.062654
product107,20221118,1.919951,0.12956676,1.8736172
product107,20221121,12.270682,0.11060309,11.815548
product107,20221122,7.3481936,0.09730012,7.219777
product107,20221123,7.7512636,0.10873768,7.5269165
product108,20221110,1.1579705,0.52237636,0.39950913
product108,20221111,0.8755848,0.32970747,0.3773723
product108,20221114,4.886395,1.6818831,2.6776047
product108,20221115,4.3918705,0.36273837,3.8684344
product108,20221116,4.4668446,0.4246031,3.7857275
product108,20221117,4.2269034,0.786918,3.0642507
product108,20221118,3.3472543,0.47391862,2.665155
product108,20221121,15.877209,0.93927395,14.007873
product108,20221122,7.4355035,0.29196972,6.801956
product108,20221123,7.580154,0.7552679,6.186449
product109,20221110,1.4423267,0.51202637,0.6335274
product109,20221111,1.0843028,0.318459,0.5629674
product109,20221114,5.5365815,1.4876481,3.4139132
product109,20221115,4.8017573,0.47286797,4.021508
product109,20221116,4.356614,0.42262438,3.6585476
product109,20221117,3.8050096,0.5998528,2.885047
product109,20221118,3.1149833,0.35120112,2.6153088
product109,20221121,15.985524,1.025729,13.936317
product109,20221122,6.107602,0.24676725,5.6637144
product109,20221123,5.6147943,0.6765693,4.460997
product110,20221110,0.061028793,0.12155952,-0.9864825
product110,20221111,0.053827338,0.081872724,-0.84280205
product110,20221114,0.27416468,0.10843465,-0.16832806
product110,20221115,0.46862695,0.09822352,0.2850504
product110,20221116,0.57148844,0.11556711,0.38763326
product110,20221117,0.41105643,0.14697385,0.025033422
product110,20221118,0.33459568,0.12515052,-0.029946603
product110,20221121,4.424227,0.20651485,4.059836
product110,20221122,1.347711,0.15821843,1.2072521
product110,20221123,1.3609207,0.16223204,1.2064723
product111,20221110,0.118851006,0.116075054,-0.5633868
product111,20221111,0.10323376,0.09110735,-0.50697315
product111,20221114,0.2341794,0.13344939,-0.24792162
product111,20221115,0.38294148,0.13626248,0.063854136
product111,20221116,0.5051546,0.14467095,0.2530429
product111,20221117,0.47807258,0.15516102,0.1853458
product111,20221118,0.4181324,0.13607383,0.15738153
product111,20221121,2.4112554,0.26060423,2.1090717
product111,20221122,1.2125003,0.20128022,1.0078783
product111,20221123,1.0297939,0.2019637,0.7906587
product112,20221110,0.11644936,0.20437236,-0.86803454
product112,20221111,0.09318111,0.1435378,-0.7801908
product112,20221114,0.92143965,0.2978758,0.35801944
product112,20221115,0.9296948,0.22197682,0.6017006
product112,20221116,0.70133215,0.24220984,0.26720315
product112,20221117,0.42817628,0.27506554,-0.2101962
product112,20221118,0.34657454,0.20750244,-0.19523591
product112,20221121,4.8331275,0.4384605,4.091844
product112,20221122,1.196355,0.27959475,0.8139434
product112,20221123,0.95562184,0.26489553,0.5630568
product113,20221110,0.076935135,0.08423263,-0.49142507
product113,20221111,0.06894489,0.06727256,-0.4252173
product113,20221114,0.12645715,0.13933276,-0.48434418
product113,20221115,0.18113323,0.124039344,-0.22205307
product113,20221116,0.2050206,0.12402927,-0.13971967
product113,20221117,0.17135014,0.12104423,-0.21645525
product113,20221118,0.13445544,0.100162335,-0.2526994
product113,20221121,0.32121828,0.20208955,-0.10552551
product113,20221122,0.21501207,0.14214961,-0.16240287
product113,20221123,0.19227764,0.12901323,-0.17604533
product114,20221110,0.08252413,0.091654986,-0.46522763
product114,20221111,0.07314987,0.07162946,-0.39284167
product114,20221114,0.13434102,0.16386892,-0.5076767
product114,20221115,0.19301224,0.1353676,-0.20265912
product114,20221116,0.20677271,0.13504365,-0.1479528
product114,20221117,0.16303235,0.12767789,-0.23853137
product114,20221118,0.12903205,0.1040436,-0.25974458
product114,20221121,0.2852254,0.23152037,-0.23341435
product114,20221122,0.19557455,0.15086967,-0.2174906
product114,20221123,0.18125694,0.13592139,-0.20422393
product115,20221110,0.8791356,0.16397598,0.5965587
product115,20221111,0.73111504,0.12428101,0.5529945
product115,20221114,2.1864386,0.23326312,1.8757477
product115,20221115,2.393905,0.19801238,2.168806
product115,20221116,2.986143,0.22073366,2.6943507
product115,20221117,2.9117362,0.26150364,2.5337434
product115,20221118,2.4636037,0.22548746,2.1842403
product115,20221121,6.406963,0.61674535,5.3406954
product115,20221122,3.9800727,0.35091507,3.4155178
product115,20221123,4.2959595,0.40984213,3.5968022
product116,20221110,0.118087105,0.14737692,-0.55481845
product116,20221111,0.09563161,0.10715761,-0.49113128
product116,20221114,0.4794656,0.2755146,-0.016181402
product116,20221115,0.44509226,0.18785998,0.13783237
product116,20221116,0.39486545,0.20027302,0.020875856
product116,20221117,0.27209798,0.19514841,-0.20096557
product116,20221118,0.19810838,0.14615402,-0.23760708
product116,20221121,1.1568773,0.45865667,0.5387138
product116,20221122,0.47487742,0.23341607,0.0859074
product116,20221123,0.48721707,0.21206786,0.15902057
product117,20221110,0.28389353,0.119299434,-0.1868221
product117,20221111,0.2722662,0.084038414,-0.03309466
product117,20221114,0.12051033,0.22238396,-1.2731302
product117,20221115,0.5645668,0.11685836,0.27386594
product117,20221116,1.3641404,0.12424782,1.2312777
product117,20221117,1.8855174,0.1250599,1.7832017
product117,20221118,2.0143056,0.101313375,2.0402915
product117,20221121,8.428286,0.15419522,7.551016
product117,20221122,6.6317,0.0498082,6.5307612
product117,20221123,6.410226,0.06632289,6.2251053
product118,20221110,1.1275896,0.27423272,0.6153751
product118,20221111,0.8067023,0.169351,0.50874746
product118,20221114,4.717144,1.3486608,2.636962
product118,20221115,3.4171908,0.28547683,2.9329743
product118,20221116,3.4879034,0.25331712,3.0616088
product118,20221117,3.502391,0.31410095,2.9623404
product118,20221118,2.9789681,0.2120409,2.7082133
product118,20221121,16.420498,1.9980263,13.106445
product118,20221122,6.943253,0.19321847,6.4602532
product118,20221123,6.016621,0.57886034,4.8544307
product119,20221110,0.1358712,0.16733724,-0.5057737
product119,20221111,0.112733565,0.12391981,-0.4356625
product119,20221114,0.2487206,0.32308516,-0.5665403
product119,20221115,0.3590523,0.24717386,-0.13333482
product119,20221116,0.37504622,0.23297608,-0.059703663
product119,20221117,0.3041119,0.21625286,-0.15423247
product119,20221118,0.22120592,0.15911907,-0.1847191
product119,20221121,0.8947624,0.52453035,0.13971213
product119,20221122,0.7512336,0.32498902,0.3104884
product119,20221123,0.6559866,0.2699342,0.29770905
product12,20221110,0.1443835,0.19340362,-0.39197984
product12,20221111,0.11530755,0.13533244,-0.30653542
product12,20221114,0.3203932,0.31291482,-0.23308025
product12,20221115,0.24494037,0.21613224,-0.1412709
product12,20221116,0.24250992,0.20549332,-0.10443588
product12,20221117,0.19971566,0.17690082,-0.12873562
product12,20221118,0.16570081,0.14234048,-0.124357186
product12,20221121,0.42883086,0.33388105,-0.04231917
product12,20221122,0.2941518,0.20146534,0.0156558
product12,20221123,0.2996105,0.17116874,0.117631
product120,20221110,0.18737367,0.379521,-1.0995967
product120,20221111,0.21760665,0.19315642,-0.56443924
product120,20221114,0.051442496,0.54761314,-2.4837713
product120,20221115,0.9508686,0.11882792,0.71930176
product120,20221116,2.1152902,0.11832614,2.0148253
product120,20221117,2.8606753,0.12507321,2.7385097
product120,20221118,2.695294,0.10362926,2.7246892
product120,20221121,10.166322,0.07707894,9.52869
product120,20221122,9.38712,0.023585618,9.558625
product120,20221123,10.534871,0.029666532,10.5913925
product121,20221110,0.5352654,0.16147889,0.17568576
product121,20221111,0.46815014,0.116943136,0.24178326
product121,20221114,0.7891698,0.5757292,-0.4207479
product121,20221115,0.86593616,0.21002236,0.51044047
product121,20221116,1.3459969,0.18370728,1.1509677
product121,20221117,1.4275768,0.16425325,1.3078349
product121,20221118,1.2533109,0.13771468,1.2110221
product121,20221121,4.4756207,1.0410733,2.8057356
product121,20221122,2.3591993,0.25256947,2.0181286
product121,20221123,2.3826165,0.16918087,2.2444365
product122,20221110,0.08758062,0.11789788,-0.5843266
product122,20221111,0.07300229,0.090549774,-0.5337452
product122,20221114,0.22952072,0.20472226,-0.3708031
product122,20221115,0.26998666,0.16247657,-0.116630316
product122,20221116,0.25553352,0.1548162,-0.11653187
product122,20221117,0.2118411,0.14611438,-0.1933942
product122,20221118,0.16127478,0.11406299,-0.22211845
product122,20221121,1.1713449,0.35586646,0.7345845
product122,20221122,0.7591728,0.21196261,0.55908394
product122,20221123,0.5457668,0.1734294,0.36611402
product123,20221110,0.07576161,0.08389518,-0.5321088
product123,20221111,0.06607709,0.067536615,-0.4862771
product123,20221114,0.16214998,0.13119718,-0.3408414
product123,20221115,0.19896857,0.122349374,-0.18853056
product123,20221116,0.22541082,0.11999743,-0.10122692
product123,20221117,0.19509384,0.117396474,-0.16871189
product123,20221118,0.15300423,0.09948974,-0.22219536
product123,20221121,0.6068719,0.21186723,0.32429707
product123,20221122,0.34605405,0.15215394,0.06637825
product123,20221123,0.29044795,0.13730471,-0.000970453
product124,20221110,2.0562313,0.68487775,1.0821464
product124,20221111,1.5873257,0.4021389,1.0296365
product124,20221114,6.1140847,2.886594,2.6507642
product124,20221115,4.93975,0.80762416,3.7370796
product124,20221116,4.25979,0.7270202,3.1523662
product124,20221117,4.0226398,0.90042305,2.7272754
product124,20221118,3.184793,0.50733316,2.4486911
product124,20221121,14.988298,3.660829,10.337235
product124,20221122,6.341148,0.4341395,5.456329
product124,20221123,6.04062,0.8665205,4.5791693
product125,20221110,0.15122238,0.09638522,-0.47722128
product125,20221111,0.12987015,0.0794555,-0.47514746
product125,20221114,0.6989313,0.13889006,0.45241305
product125,20221115,0.78766537,0.12995361,0.60089564
product125,20221116,1.1839712,0.12888747,1.0759966
product125,20221117,1.1871543,0.12654205,1.0837114
product125,20221118,0.9836808,0.107517324,0.9243665
product125,20221121,5.990694,0.2047101,5.5985785
product125,20221122,3.4214327,0.16702138,3.232187
product125,20221123,3.627455,0.17682336,3.409284
product126,20221110,0.06984617,0.059946593,-0.46737397
product126,20221111,0.06836416,0.046205766,-0.355514
product126,20221114,0.10303129,0.08422862,-0.43464446
product126,20221115,0.21476033,0.06957237,0.043684512
product126,20221116,0.41382894,0.082316466,0.39573127
product126,20221117,0.46335632,0.10246899,0.3929867
product126,20221118,0.3747322,0.095457256,0.28216553
product126,20221121,2.264606,0.28638816,1.8922791
product126,20221122,2.1283858,0.15024978,2.110835
product126,20221123,2.1540756,0.11842921,2.243916
product128,20221110,0.06693216,0.06281095,-0.45379755
product128,20221111,0.06250593,0.052876387,-0.40268946
product128,20221114,0.11868474,0.09783141,-0.3626273
product128,20221115,0.1680599,0.09541641,-0.16401048
product128,20221116,0.21588026,0.09224267,-0.0053884313
product128,20221117,0.20469303,0.089874454,-0.021620575
product128,20221118,0.1639239,0.07945461,-0.08879416
product128,20221121,0.5413223,0.16297695,0.35395807
product128,20221122,0.4122608,0.122429624,0.28667635
product128,20221123,0.45607722,0.11389599,0.3855428
product129,20221110,0.10423527,0.22769955,-0.8334224
product129,20221111,0.08889003,0.14526233,-0.65278345
product129,20221114,0.31272966,0.40600568,-0.66670215
product129,20221115,0.42184922,0.25443417,-0.08731292
product129,20221116,0.4202688,0.27845702,-0.13230857
product129,20221117,0.31358472,0.27115235,-0.29905173
product129,20221118,0.23854291,0.19453849,-0.2714592
product129,20221121,2.695445,0.8317733,1.5241809
product129,20221122,1.3339133,0.39086244,0.81730497
product129,20221123,0.83520067,0.30768892,0.41422433
product13,20221110,0.13136344,0.16504228,-0.4069593
product13,20221111,0.11266638,0.11216523,-0.27219817
product13,20221114,0.19608945,0.36713806,-0.67519146
product13,20221115,0.28062564,0.24404474,-0.18955866
product13,20221116,0.27123633,0.24039428,-0.1736548
product13,20221117,0.20629117,0.20788582,-0.23606685
product13,20221118,0.16807869,0.16012768,-0.20989004
product13,20221121,0.2914397,0.40365303,-0.456817
product13,20221122,0.23346017,0.21790689,-0.194489
product13,20221123,0.23898767,0.20451711,-0.14042884
product130,20221110,0.314002,0.19421963,-0.21030605
product130,20221111,0.28512716,0.118607916,-0.004235886
product130,20221114,1.0723507,0.6024749,0.0145795345
product130,20221115,1.5694156,0.18312438,1.4887298
product130,20221116,1.6528634,0.1826774,1.5758555
product130,20221117,1.3992246,0.1958866,1.2736124
product130,20221118,1.1163164,0.1527112,1.0927821
product130,20221121,7.2863503,1.2134655,5.287366
product130,20221122,6.781393,0.24069637,6.2823296
product130,20221123,5.400847,0.21740274,5.017683
product131,20221110,0.07602634,0.087577306,-0.2721207
product131,20221111,0.064969376,0.06971427,-0.22642744
product131,20221114,0.102683015,0.25108072,-0.66568714
product131,20221115,0.10521284,0.1477993,-0.34506974
product131,20221116,0.106714614,0.12356024,-0.2397708
product131,20221117,0.092294455,0.10356739,-0.21612982
product131,20221118,0.07854435,0.08922212,-0.22118679
product131,20221121,0.13922489,0.30559367,-0.5889324
product131,20221122,0.12571506,0.16746193,-0.30412656
product131,20221123,0.11851302,0.13380444,-0.22013195
product132,20221110,0.31142342,0.23734537,-0.32124472
product132,20221111,0.33710802,0.16481203,-0.054134518
product132,20221114,0.47506723,0.5171387,-0.61714876
product132,20221115,1.25534,0.273296,0.9069537
product132,20221116,1.8362633,0.2739972,1.5303352
product132,20221117,1.6852849,0.29512066,1.3428752
product132,20221118,1.2742395,0.23233628,1.0549664
product132,20221121,3.9512627,0.75483876,2.7468858
product132,20221122,5.096286,0.3473804,4.497328
product132,20221123,6.6145983,0.299279,6.050584
product133,20221110,0.12846269,0.14359765,-0.5037607
product133,20221111,0.107247524,0.11036644,-0.4530626
product133,20221114,0.2751511,0.23533443,-0.32855147
product133,20221115,0.3376438,0.1951623,-0.07493037
product133,20221116,0.38107413,0.19060601,0.029814407
product133,20221117,0.32943818,0.18809575,-0.05562021
product133,20221118,0.23079304,0.14745888,-0.15921596
product133,20221121,0.66593534,0.2891432,0.25059503
product133,20221122,0.47806358,0.21542533,0.14313604
product133,20221123,0.4734603,0.20501703,0.15896857
product134,20221110,0.07085289,0.06880233,-0.39423236
product134,20221111,0.061484467,0.057623036,-0.3732292
product134,20221114,0.1436866,0.12288378,-0.29749367
product134,20221115,0.1390377,0.0997919,-0.20457715
product134,20221116,0.16210584,0.09081776,-0.07891588
product134,20221117,0.14410041,0.08371134,-0.10228072
product134,20221118,0.11469022,0.07514234,-0.16974308
product134,20221121,0.37515503,0.16305982,0.16011089
product134,20221122,0.27747276,0.117036976,0.120635346
product134,20221123,0.31617668,0.10629027,0.23978
product135,20221110,0.064558074,0.07991245,-0.44860914
product135,20221111,0.056936007,0.06457056,-0.39159104
product135,20221114,0.091779456,0.1615661,-0.6351469
product135,20221115,0.114199296,0.13482325,-0.40637052
product135,20221116,0.12438394,0.12047911,-0.29043016
product135,20221117,0.11112921,0.10924074,-0.28988662
product135,20221118,0.09048299,0.09122677,-0.29908666
product135,20221121,0.20040908,0.252855,-0.43088853
product135,20221122,0.17669599,0.16796207,-0.26384637
product135,20221123,0.1567467,0.14324345,-0.24199969
product136,20221110,0.32788196,0.44824955,-0.42624232
product136,20221111,0.25899908,0.26829055,-0.21728995
product136,20221114,0.74386626,1.2298607,-0.7731917
product136,20221115,0.87540686,0.60492235,0.14895469
product136,20221116,0.77775437,0.5913991,0.08631652
product136,20221117,0.5885922,0.55562526,-0.091153346
product136,20221118,0.46132213,0.34894988,0.052433588
product136,20221121,1.1572267,1.2450963,-0.24815595
product136,20221122,0.93122154,0.6126449,0.26887846
product136,20221123,0.9845129,0.54239166,0.44118914
product137,20221110,0.06362903,0.070204236,-0.4651797
product137,20221111,0.060210742,0.05906248,-0.40018228
product137,20221114,0.08644787,0.1226453,-0.5983162
product137,20221115,0.13213368,0.112858325,-0.31595412
product137,20221116,0.17195123,0.10634684,-0.13172251
product137,20221117,0.1609743,0.101131395,-0.13524663
product137,20221118,0.13218537,0.08788793,-0.16817936
product137,20221121,0.35978013,0.2038067,-0.02170194
product137,20221122,0.39646813,0.15597494,0.19421916
product137,20221123,0.39585334,0.13177156,0.27774894
product138,20221110,0.070161834,0.08511066,-0.43445846
product138,20221111,0.06277513,0.067699045,-0.36733007
product138,20221114,0.105168514,0.17338207,-0.59756666
product138,20221115,0.14101961,0.14018127,-0.3173241
product138,20221116,0.16017574,0.13346326,-0.21069211
product138,20221117,0.13908887,0.12427488,-0.23843159
product138,20221118,0.11168648,0.10252541,-0.2529849
product138,20221121,0.2817499,0.31219915,-0.36017436
product138,20221122,0.24717095,0.1953798,-0.1571564
product138,20221123,0.22651345,0.16650742,-0.11989334
product14,20221110,0.13349491,0.17760634,-0.38277635
product14,20221111,0.104256675,0.11991759,-0.28567106
product14,20221114,0.20941083,0.30634418,-0.46921238
product14,20221115,0.1834602,0.1908768,-0.22540036
product14,20221116,0.18459804,0.18242227,-0.18179663
product14,20221117,0.15788601,0.15750639,-0.18031251
product14,20221118,0.13095662,0.12527634,-0.16540805
product14,20221121,0.24103875,0.28427723,-0.29628664
product14,20221122,0.18011759,0.16075166,-0.13032614
product14,20221123,0.17700884,0.14696632,-0.089446545
product140,20221110,0.08812604,0.107569054,-0.5663274
product140,20221111,0.07854061,0.08767457,-0.51678115
product140,20221114,0.2249928,0.18845288,-0.36130196
product140,20221115,0.25996912,0.15728146,-0.14290589
product140,20221116,0.29235923,0.14978637,-0.04096739
product140,20221117,0.25380313,0.14124776,-0.10208104
product140,20221118,0.19419524,0.11326747,-0.15171564
product140,20221121,1.451426,0.31337872,1.0987958
product140,20221122,0.69998235,0.18171194,0.53545713
product140,20221123,0.620584,0.15954623,0.4829467
product141,20221110,0.057948466,0.07528478,-0.5039323
product141,20221111,0.053101413,0.06222127,-0.44117108
product141,20221114,0.08164063,0.13597971,-0.6291866
product141,20221115,0.112258404,0.123722434,-0.40642345
product141,20221116,0.12598512,0.11614513,-0.30136213
product141,20221117,0.11507509,0.11050729,-0.31249905
product141,20221118,0.093255356,0.09217016,-0.32617384
product141,20221121,0.208176,0.20619369,-0.32515275
product141,20221122,0.17970759,0.15059456,-0.23178117
product141,20221123,0.1582855,0.13112374,-0.22750342
product142,20221110,0.06890297,0.060727816,-0.36712542
product142,20221111,0.06285099,0.050349806,-0.31204697
product142,20221114,0.09218504,0.12567018,-0.5858719
product142,20221115,0.11779006,0.10287602,-0.33042055
product142,20221116,0.15287161,0.09292715,-0.13514891
product142,20221117,0.1409587,0.08708956,-0.1364027
product142,20221118,0.11510103,0.07694313,-0.17336138
product142,20221121,0.2838528,0.23475114,-0.2703675
product142,20221122,0.26514915,0.14262277,-0.033959918
product142,20221123,0.2787976,0.11802262,0.08976744
product143,20221110,0.058024276,0.06963125,-0.4344051
product143,20221111,0.052502364,0.056778904,-0.3751111
product143,20221114,0.09427528,0.1462141,-0.55524343
product143,20221115,0.1237324,0.11980803,-0.3080052
product143,20221116,0.13074976,0.11138016,-0.23164672
product143,20221117,0.11352137,0.10286549,-0.25440893
product143,20221118,0.08988019,0.08492354,-0.2758479
product143,20221121,0.21964274,0.24289298,-0.35408548
product143,20221122,0.18309873,0.15295991,-0.20117994
product143,20221123,0.1686186,0.1260166,-0.14950526
product144,20221110,0.060468446,0.0720491,-0.40883034
product144,20221111,0.055469003,0.058741312,-0.33964604
product144,20221114,0.07952317,0.15568668,-0.65393394
product144,20221115,0.1083552,0.1286714,-0.38817966
product144,20221116,0.12091413,0.11871802,-0.2764579
product144,20221117,0.10931185,0.1092542,-0.27331233
product144,20221118,0.08969419,0.09092962,-0.27775353
product144,20221121,0.17027655,0.24623688,-0.4810906
product144,20221122,0.16273598,0.16803062,-0.28785035
product144,20221123,0.15252694,0.1413264,-0.22881591
product145,20221110,2.7876756,3.8869877,-1.3290923
product145,20221111,2.2543943,1.3350704,0.6797833
product145,20221114,9.348092,12.006291,-3.152234
product145,20221115,8.969145,3.234118,5.1607194
product145,20221116,7.556346,2.612844,4.397406
product145,20221117,4.969876,2.3005202,2.2538939
product145,20221118,4.0477314,1.5187564,2.1376138
product145,20221121,17.508375,7.959218,8.61348
product145,20221122,10.159819,1.6820498,7.735296
product145,20221123,11.493147,3.5262482,7.250203
product146,20221110,0.47051108,0.62899417,-0.7211484
product146,20221111,0.47151238,0.31319305,-0.1515585
product146,20221114,0.5659796,1.4047393,-1.7240592
product146,20221115,1.5079641,0.5150304,0.7060665
product146,20221116,1.8830502,0.52889013,1.1196029
product146,20221117,1.8402463,0.6072633,1.0014031
product146,20221118,1.4778354,0.38259307,0.99018633
product146,20221121,4.8191824,1.1773405,3.063055
product146,20221122,3.59092,0.4313442,2.9572182
product146,20221123,3.6850028,0.64943105,2.7302632
product147,20221110,0.07954803,0.08734404,-0.39637488
product147,20221111,0.07130218,0.06989877,-0.32691747
product147,20221114,0.09745142,0.20697111,-0.7601515
product147,20221115,0.13523512,0.1582012,-0.40942103
product147,20221116,0.15684663,0.13827032,-0.24370596
product147,20221117,0.13939969,0.12398223,-0.23816687
product147,20221118,0.11400335,0.102645606,-0.23933642
product147,20221121,0.23271032,0.34775165,-0.56135803
product147,20221122,0.25154898,0.21868019,-0.2218684
product147,20221123,0.24563545,0.17855091,-0.119316556
product148,20221110,0.0663338,0.077307284,-0.40425366
product148,20221111,0.060284205,0.06200039,-0.33163032
product148,20221114,0.08855386,0.1667964,-0.64425963
product148,20221115,0.11895647,0.13609882,-0.3754454
product148,20221116,0.13287392,0.12508802,-0.26065233
product148,20221117,0.119764395,0.11490072,-0.25963107
product148,20221118,0.09805347,0.095256396,-0.2643571
product148,20221121,0.19504842,0.26844317,-0.46621376
product148,20221122,0.17902385,0.17690858,-0.2708191
product148,20221123,0.16532648,0.1476963,-0.21552396
product149,20221110,0.070591636,0.08346112,-0.40229648
product149,20221111,0.064922094,0.06750937,-0.32701322
product149,20221114,0.08849312,0.18644993,-0.7070905
product149,20221115,0.12837148,0.14987871,-0.38076967
product149,20221116,0.14501439,0.1376557,-0.25646478
product149,20221117,0.13034725,0.12571988,-0.25283223
product149,20221118,0.106382295,0.1024629,-0.25063115
product149,20221121,0.20481575,0.30192903,-0.50955707
product149,20221122,0.21833539,0.20389706,-0.23631433
product149,20221123,0.21432316,0.16833183,-0.13951497
product15,20221110,0.13193972,0.22209236,-0.44802055
product15,20221111,0.107575424,0.15157352,-0.31955037
product15,20221114,0.18557826,0.39648297,-0.6662426
product15,20221115,0.1796594,0.2358951,-0.29453325
product15,20221116,0.17762028,0.22360578,-0.25197473
product15,20221117,0.15287594,0.19065155,-0.23277082
product15,20221118,0.1279121,0.15037614,-0.20179355
product15,20221121,0.21734159,0.3518342,-0.43913817
product15,20221122,0.1751129,0.19984874,-0.19884415
product15,20221123,0.17521904,0.18119611,-0.1400821
product150,20221110,0.046638057,0.05263787,-0.38138774
product150,20221111,0.04352762,0.044612404,-0.32692415
product150,20221114,0.06704629,0.10588937,-0.52555615
product150,20221115,0.07977261,0.083694994,-0.3173223
product150,20221116,0.09094174,0.07656324,-0.20370138
product150,20221117,0.08234777,0.069785684,-0.20081279
product150,20221118,0.070702426,0.063936435,-0.22903152
product150,20221121,0.13610138,0.14592691,-0.29871225
product150,20221122,0.12316144,0.1007886,-0.17005181
product150,20221123,0.13452847,0.09238404,-0.08766961
product151,20221110,0.059755556,0.06678166,-0.35315037
product151,20221111,0.053590667,0.053265266,-0.28805852
product151,20221114,0.090497114,0.17945546,-0.65226585
product151,20221115,0.11240444,0.122713715,-0.32607716
product151,20221116,0.1215074,0.110503666,-0.21876559
product151,20221117,0.10502865,0.09779051,-0.21688864
product151,20221118,0.08571672,0.08028526,-0.21837237
product151,20221121,0.19497433,0.34507176,-0.60100174
product151,20221122,0.17660567,0.17089558,-0.2401696
product151,20221123,0.17961344,0.13868836,-0.11924651
product152,20221110,0.09814177,0.06667783,-0.37457645
product152,20221111,0.09436387,0.054967638,-0.2950157
product152,20221114,0.08616583,0.100641616,-0.6752745
product152,20221115,0.16671087,0.104703024,-0.30198482
product152,20221116,0.2818634,0.100291826,0.036764197
product152,20221117,0.30499658,0.098603025,0.1023579
product152,20221118,0.28035313,0.09108703,0.09424662
product152,20221121,0.6303372,0.21297286,0.21184406
product152,20221122,0.6712502,0.15111728,0.47146663
product152,20221123,0.7967638,0.12591173,0.72161925
product153,20221110,0.16786069,0.16831857,-0.4815158
product153,20221111,0.13660736,0.12362264,-0.42474717
product153,20221114,0.33601713,0.29705557,-0.40969855
product153,20221115,0.445565,0.2135322,0.036544636
product153,20221116,0.50249654,0.20795082,0.14788443
product153,20221117,0.44407657,0.20094898,0.07109707
product153,20221118,0.34139296,0.14370114,0.053488426
product153,20221121,2.2753594,0.5434874,1.4931488
product153,20221122,1.8282512,0.24395682,1.5987406
product153,20221123,1.4148775,0.22120737,1.2360121
product155,20221110,0.13129905,0.099201895,-0.340229
product155,20221111,0.11673431,0.07753796,-0.26328072
product155,20221114,0.17441042,0.1961683,-0.6488451
product155,20221115,0.26827672,0.16059166,-0.17576568
product155,20221116,0.3342993,0.15219977,0.012442909
product155,20221117,0.29323798,0.14512862,-0.035478547
product155,20221118,0.23466656,0.11111449,-0.027008533
product155,20221121,1.0011977,0.5438451,0.060895503
product155,20221122,0.83115184,0.19876614,0.5734098
product155,20221123,0.8033806,0.14945732,0.7042379
product156,20221110,0.4779942,0.42076832,-0.4482798
product156,20221111,0.46756867,0.24686734,-0.08982081
product156,20221114,0.29390785,1.1255817,-2.027835
product156,20221115,1.0129906,0.4874487,0.12269366
product156,20221116,1.4072762,0.48368305,0.61800027
product156,20221117,1.2761378,0.5049648,0.46399373
product156,20221118,1.1489514,0.25622082,0.78578377
product156,20221121,4.430846,1.0098609,2.60302
product156,20221122,5.1104245,0.21739562,4.610824
product156,20221123,6.4516273,0.19318569,5.961578
product157,20221110,0.12227505,0.07996349,-0.24476114
product157,20221111,0.11456707,0.06638765,-0.17471032
product157,20221114,0.1398223,0.15976392,-0.5463338
product157,20221115,0.20425953,0.1411029,-0.22141193
product157,20221116,0.28060776,0.12441288,0.04384686
product157,20221117,0.2736689,0.11481567,0.07522775
product157,20221118,0.24393223,0.10184549,0.06820086
product157,20221121,0.5959637,0.3289448,0.020685993
product157,20221122,0.49520922,0.18229163,0.23499441
product157,20221123,0.48738617,0.14966452,0.3289199
product16,20221110,2.093623,3.36928,-1.4606304
product16,20221111,1.6486057,0.7666156,0.842201
product16,20221114,3.4277203,7.871063,-4.746107
product16,20221115,3.309331,2.2354264,0.7973833
product16,20221116,2.8029296,2.9539483,-0.33691132
product16,20221117,1.9399505,4.7392335,-2.8429751
product16,20221118,1.2746259,2.1938758,-1.0982292
product16,20221121,2.6641152,10.909707,-8.121449
product16,20221122,3.2936616,0.8409021,2.2517328
product16,20221123,4.2451115,0.6295132,3.4254732
product17,20221110,0.49366814,0.28930262,0.07956105
product17,20221111,0.3558892,0.1699169,0.16913715
product17,20221114,0.8617402,0.46186692,0.24414617
product17,20221115,0.76230395,0.29674456,0.4735626
product17,20221116,0.81206644,0.3250851,0.49298272
product17,20221117,0.69719666,0.3176044,0.366059
product17,20221118,0.52592045,0.25234124,0.25610965
product17,20221121,1.1206025,0.83635014,0.050052844
product17,20221122,0.9055972,0.35036716,0.5491681
product17,20221123,0.96605295,0.2536259,0.8372822
product19,20221110,0.20849004,0.34424683,-0.5086627
product19,20221111,0.17241396,0.18429288,-0.20409802
product19,20221114,0.35963863,0.60336024,-0.6531493
product19,20221115,0.3647208,0.346405,-0.14656273
product19,20221116,0.35837233,0.3593412,-0.15454209
product19,20221117,0.28524,0.31703484,-0.20307967
product19,20221118,0.22123866,0.21550886,-0.12428564
product19,20221121,0.3983439,0.80730385,-0.8099496
product19,20221122,0.38083673,0.33434308,-0.06799308
product19,20221123,0.4178979,0.25014645,0.19223377
product2,20221110,2.3244486,2.4389122,-0.3159812
product2,20221111,1.5010471,1.0898749,0.26281166
product2,20221114,4.560183,5.286007,-1.103623
product2,20221115,2.5805228,1.5969557,0.76518786
product2,20221116,2.4732046,2.7013109,-0.42099342
product2,20221117,2.1086268,3.3150744,-1.3594372
product2,20221118,1.3684545,1.5393078,-0.40033388
product2,20221121,3.1649249,6.020986,-3.0183
product2,20221122,2.2237785,1.1194869,0.8912152
product2,20221123,2.4361699,1.0489783,1.2019789
product20,20221110,0.1308961,0.11228848,-0.32775033
product20,20221111,0.10050689,0.08755342,-0.34752008
product20,20221114,0.44273037,0.1609527,0.26604122
product20,20221115,0.2512099,0.12521243,0.008078776
product20,20221116,0.27268142,0.11885454,0.08843422
product20,20221117,0.24103193,0.108384386,0.054730304
product20,20221118,0.20373799,0.09245633,0.020498145
product20,20221121,0.76654285,0.16806568,0.7371558
product20,20221122,0.38818657,0.12408002,0.29898256
product20,20221123,0.46898642,0.12614958,0.4341958
product24,20221110,1.7988158,4.7254405,-2.9677696
product24,20221111,1.4983613,1.4289986,-0.05737541
product24,20221114,4.9008927,7.9868484,-3.3056345
product24,20221115,2.678116,2.688333,-0.22571069
product24,20221116,2.6078024,2.9919975,-0.5439894
product24,20221117,1.8174741,3.9139512,-2.1724343
product24,20221118,1.3365057,2.2997618,-1.151329
product24,20221121,3.8506236,7.882847,-4.0848575
product24,20221122,3.0601668,1.4236548,1.3865368
product24,20221123,3.2606287,1.0105441,2.0556471
product26,20221110,0.27051836,0.49208137,-0.6662125
product26,20221111,0.2216238,0.23788911,-0.25603247
product26,20221114,0.5304343,0.8623239,-0.8021729
product26,20221115,0.5912911,0.38217506,0.11083074
product26,20221116,0.58066916,0.41987547,0.057007447
product26,20221117,0.45480394,0.3923087,-0.07323613
product26,20221118,0.337159,0.24705616,0.013472535
product26,20221121,0.7908865,0.86997855,-0.35565406
product26,20221122,0.58536226,0.30687708,0.2846915
product26,20221123,0.68970704,0.27087283,0.51709694
product27,20221110,0.083840996,0.120265365,-0.45143872
product27,20221111,0.072609216,0.08755042,-0.35050958
product27,20221114,0.15250497,0.21177006,-0.4647959
product27,20221115,0.15331838,0.14320482,-0.21611232
product27,20221116,0.1519353,0.13575017,-0.17544967
product27,20221117,0.12876917,0.11997173,-0.1891471
product27,20221118,0.10703374,0.09784219,-0.18621026
product27,20221121,0.22033626,0.22225715,-0.24431261
product27,20221122,0.15807934,0.12658185,-0.119133644
product27,20221123,0.15674016,0.115990266,-0.07694729
product28,20221110,0.1404306,0.2041109,-0.40214598
product28,20221111,0.11131763,0.13574037,-0.2845822
product28,20221114,0.2546454,0.39416718,-0.5099125
product28,20221115,0.2320659,0.23619483,-0.19086498
product28,20221116,0.23013732,0.22776066,-0.153875
product28,20221117,0.18644814,0.18921548,-0.15788528
product28,20221118,0.14881374,0.14288959,-0.13538083
product28,20221121,0.30390698,0.38243976,-0.32677156
product28,20221122,0.23003897,0.20136082,-0.08716718
product28,20221123,0.23211174,0.17698865,-0.0070175827
product29,20221110,3.224245,2.6084943,0.38878483
product29,20221111,2.4475796,1.077511,1.2340508
product29,20221114,5.1080513,6.6983876,-1.921948
product29,20221115,3.942309,1.6697841,1.987522
product29,20221116,4.029857,2.404119,1.3450857
product29,20221117,3.5038986,3.3599484,-0.0589056
product29,20221118,2.6523507,1.8002661,0.6352999
product29,20221121,5.6116962,6.8858123,-1.5083244
product29,20221122,4.2577367,1.1568469,2.799045
product29,20221123,5.1891346,1.0876877,3.757194
product3,20221110,0.10960059,0.1344715,-0.3769984
product3,20221111,0.09144678,0.10351111,-0.33173922
product3,20221114,0.29487622,0.2374803,-0.12702194
product3,20221115,0.18387082,0.1556302,-0.1566605
product3,20221116,0.18765187,0.14650252,-0.10689001
product3,20221117,0.1579971,0.12655607,-0.12818319
product3,20221118,0.13515468,0.10631288,-0.13314837
product3,20221121,0.36191362,0.21659683,0.08720358
product3,20221122,0.21377653,0.13762565,-0.009828515
product3,20221123,0.24198164,0.13441822,0.0759107
product30,20221110,0.121652186,0.15568672,-0.35270396
product30,20221111,0.0945959,0.111181706,-0.29045665
product30,20221114,0.2330969,0.28888056,-0.37522018
product30,20221115,0.1831246,0.17277923,-0.168563
product30,20221116,0.18587443,0.16228147,-0.111682385
product30,20221117,0.15473634,0.13642476,-0.11453
product30,20221118,0.12468395,0.10776596,-0.11406122
product30,20221121,0.26210836,0.25757205,-0.1824149
product30,20221122,0.170762,0.13920218,-0.08254508
product30,20221123,0.16946085,0.12717034,-0.03730374
product31,20221110,1.0333548,0.96795595,-0.16130516
product31,20221111,0.7289945,0.39579388,0.28342935
product31,20221114,1.782242,1.9850193,-0.50869393
product31,20221115,1.3293781,0.84307724,0.33774024
product31,20221116,1.3455988,0.95040804,0.24396193
product31,20221117,1.0466433,0.9807613,-0.11981884
product31,20221118,0.7439463,0.727214,-0.18626356
product31,20221121,1.4341563,3.4458883,-2.2528322
product31,20221122,1.2583702,0.7928552,0.3227749
product31,20221123,1.396147,0.5401232,0.8312324
product32,20221110,2.3708453,1.1174966,1.0033811
product32,20221111,1.445009,0.5972221,0.6989887
product32,20221114,7.240936,2.5354917,4.3523016
product32,20221115,5.360238,1.3551784,3.6836767
product32,20221116,3.9464107,1.4682082,2.1959615
product32,20221117,3.0842872,1.426654,1.4107864
product32,20221118,2.1627429,0.8140512,1.1883337
product32,20221121,8.476347,3.1972692,4.911608
product32,20221122,4.3244324,1.4872565,2.513717
product32,20221123,4.262178,1.5146986,2.4226162
product33,20221110,0.25038442,0.2791608,-0.33015078
product33,20221111,0.15553848,0.14882325,-0.23075894
product33,20221114,0.905948,0.6983595,-0.007417731
product33,20221115,0.40561184,0.2940073,-0.031908996
product33,20221116,0.41653576,0.3124816,-0.029893748
product33,20221117,0.29569054,0.24277478,-0.096913464
product33,20221118,0.19406225,0.16317919,-0.13431141
product33,20221121,0.89325047,1.1765563,-0.5646479
product33,20221122,0.35507366,0.27311113,-0.05616551
product33,20221123,0.3302534,0.21835594,0.0343602
product34,20221110,2.1898627,2.2333848,-0.24805576
product34,20221111,1.659238,0.7410314,0.8509688
product34,20221114,5.4077587,5.272809,-0.20696461
product34,20221115,3.4163675,1.5054427,1.6571997
product34,20221116,3.369642,2.1607683,0.9757366
product34,20221117,2.5215714,2.4249172,-0.08734617
product34,20221118,1.7420483,1.3620896,0.19414186
product34,20221121,5.8251066,6.2136393,-0.57931966
product34,20221122,4.12367,0.9693898,2.9174733
product34,20221123,5.1819916,0.7045253,4.2576294
product35,20221110,0.08874034,0.1218414,-0.377222
product35,20221111,0.07391704,0.09132504,-0.30798468
product35,20221114,0.14307256,0.21790561,-0.45830476
product35,20221115,0.12155362,0.13809258,-0.25981152
product35,20221116,0.12456209,0.1292891,-0.19953191
product35,20221117,0.10962614,0.11223149,-0.18696328
product35,20221118,0.09309144,0.09419543,-0.18582493
product35,20221121,0.16245113,0.19263798,-0.274719
product35,20221122,0.11409327,0.11514166,-0.18664387
product35,20221123,0.11277686,0.107305974,-0.15432063
product37,20221110,3.148592,3.8484707,-0.8460691
product37,20221111,2.3742175,1.4936888,0.73136175
product37,20221114,6.721224,9.226203,-2.7653198
product37,20221115,4.397374,1.9954369,2.119996
product37,20221116,4.2845116,3.452531,0.6215409
product37,20221117,3.7724493,4.4195285,-0.7708359
product37,20221118,2.7606328,1.5134068,1.0521884
product37,20221121,8.051148,8.72555,-0.9182883
product37,20221122,5.3589263,1.2146666,3.8316913
product37,20221123,6.6883397,1.0059409,5.338114
product38,20221110,0.18107149,0.3065757,-0.43830705
product38,20221111,0.13504557,0.19995053,-0.3266207
product38,20221114,0.3819173,0.6488744,-0.5638441
product38,20221115,0.2943762,0.3329134,-0.18275568
product38,20221116,0.275431,0.30141997,-0.14508872
product38,20221117,0.21972135,0.24263951,-0.14256176
product38,20221118,0.1798417,0.18199457,-0.10146925
product38,20221121,0.42572334,0.5355587,-0.2717787
product38,20221122,0.28773147,0.25120488,-0.014421754
product38,20221123,0.28623116,0.2235249,0.05426852
product39,20221110,0.08615924,0.12596686,-0.41755658
product39,20221111,0.07230719,0.09144401,-0.32647794
product39,20221114,0.13221101,0.2190009,-0.51853335
product39,20221115,0.12587403,0.14433482,-0.27647647
product39,20221116,0.128706,0.1351395,-0.21480191
product39,20221117,0.112722404,0.11693425,-0.20062017
product39,20221118,0.09445776,0.09574607,-0.19360262
product39,20221121,0.16044404,0.19897144,-0.31187606
product39,20221122,0.12002017,0.1204242,-0.19206722
product39,20221123,0.11816548,0.11080322,-0.15545177
product40,20221110,0.41957912,0.7173284,-0.7026614
product40,20221111,0.33430904,0.298215,-0.12944023
product40,20221114,0.7093874,1.4525826,-1.2564799
product40,20221115,0.7345583,0.48069286,0.1667484
product40,20221116,0.7386385,0.57294416,0.04028195
product40,20221117,0.5881701,0.6006024,-0.20403111
product40,20221118,0.4362501,0.3383224,-0.013168447
product40,20221121,0.8842458,1.6334255,-1.1188608
product40,20221122,0.6752282,0.39129767,0.24440926
product40,20221123,0.8129077,0.3004107,0.61530507
product41,20221110,0.103532374,0.13198476,-0.36895946
product41,20221111,0.085095935,0.09579278,-0.29044747
product41,20221114,0.16652009,0.21846032,-0.4048376
product41,20221115,0.15196231,0.15039858,-0.21525753
product41,20221116,0.1545182,0.14364636,-0.16676831
product41,20221117,0.13564596,0.12817186,-0.16889597
product41,20221118,0.11330822,0.10407402,-0.16255835
product41,20221121,0.20644476,0.21748865,-0.24156585
product41,20221122,0.15608165,0.13610592,-0.1378439
product41,20221123,0.15749745,0.12513252,-0.08644093
product42,20221110,0.17725013,0.30364847,-0.4632636
product42,20221111,0.14646617,0.17142786,-0.21123946
product42,20221114,0.27945498,0.7903686,-1.0031548
product42,20221115,0.3082323,0.32082427,-0.15170118
product42,20221116,0.30866,0.305726,-0.09726607
product42,20221117,0.24481776,0.23958257,-0.08153599
product42,20221118,0.19587457,0.17389394,-0.036308162
product42,20221121,0.38378942,0.83949625,-0.81210184
product42,20221122,0.3625606,0.28057504,0.056403365
product42,20221123,0.38573846,0.24660966,0.1845069
product43,20221110,0.33771384,0.41772276,-0.3400664
product43,20221111,0.23614885,0.25167304,-0.21492553
product43,20221114,0.6643123,0.6480522,-0.16654596
product43,20221115,0.5030945,0.41375378,-0.011540525
product43,20221116,0.5096662,0.40851933,0.017591432
product43,20221117,0.41850844,0.35975766,-0.038596056
product43,20221118,0.31686845,0.25007382,-0.007539764
product43,20221121,0.75042856,0.65639293,-0.03456842
product43,20221122,0.6079736,0.4004503,0.1691395
product43,20221123,0.68305284,0.33116576,0.4076351
product45,20221110,0.7995923,0.38295797,0.20741262
product45,20221111,0.5515546,0.21669622,0.2445357
product45,20221114,1.6185747,0.77439696,0.49587053
product45,20221115,1.2150799,0.39285058,0.7096707
product45,20221116,1.5257956,0.5108653,0.8549304
product45,20221117,1.3455445,0.5522434,0.59913087
product45,20221118,1.010976,0.4229471,0.41895428
product45,20221121,2.8152165,1.5466615,0.8107281
product45,20221122,1.4954046,0.43030146,0.93131685
product45,20221123,1.7425917,0.37860787,1.2897273
product46,20221110,0.17271447,0.24164994,-0.43445313
product46,20221111,0.13193783,0.15548678,-0.32072377
product46,20221114,0.4747564,0.4394548,-0.20996846
product46,20221115,0.3253353,0.25682503,-0.0755044
product46,20221116,0.32145852,0.25634333,-0.0655308
product46,20221117,0.24731481,0.21558703,-0.12144748
product46,20221118,0.19531007,0.16179274,-0.108554736
product46,20221121,0.61253214,0.5208094,-0.09438124
product46,20221122,0.34944537,0.23019393,0.045450144
product46,20221123,0.34683335,0.19013843,0.15099372
product47,20221110,0.081358805,0.11531089,-0.40571666
product47,20221111,0.06934901,0.086183116,-0.32368594
product47,20221114,0.12263264,0.20115428,-0.5093515
product47,20221115,0.11540566,0.13313207,-0.28319216
product47,20221116,0.11838828,0.12530407,-0.22389746
product47,20221117,0.10516163,0.10959562,-0.20870009
product47,20221118,0.08973408,0.09150118,-0.20221108
product47,20221121,0.14729655,0.18201578,-0.31107712
product47,20221122,0.110563196,0.11259877,-0.2045457
product47,20221123,0.108676456,0.10427698,-0.17256719
product48,20221110,1.5580369,3.2552888,-1.75002
product48,20221111,1.1217719,1.3735751,-0.35064623
product48,20221114,3.571288,4.9433975,-1.4039385
product48,20221115,2.4167364,2.0914755,0.25514185
product48,20221116,2.2802265,2.4367242,-0.20626143
product48,20221117,1.8427044,2.4788,-0.6750033
product48,20221118,1.514077,1.390502,0.063203104
product48,20221121,3.6320422,4.0925603,-0.5186552
product48,20221122,2.7786074,1.3005834,1.4104853
product48,20221123,2.787513,1.0224686,1.7293351
product49,20221110,1.9405873,2.4572725,-0.6663647
product49,20221111,1.3322878,1.1320528,0.08801944
product49,20221114,4.331728,6.315342,-2.2116036
product49,20221115,2.3672593,1.8148547,0.40151745
product49,20221116,2.3488905,2.6653,-0.44833568
product49,20221117,2.0294256,2.6431017,-0.74432933
product49,20221118,1.5359471,1.3226377,0.06709722
product49,20221121,3.8245208,5.654671,-1.9342744
product49,20221122,2.4031281,1.5133853,0.7405599
product49,20221123,2.5237486,1.2386317,1.1627383
product50,20221110,3.280619,5.970288,-2.687574
product50,20221111,2.7251377,2.0541463,0.51658905
product50,20221114,6.3310513,13.522348,-7.0922437
product50,20221115,4.527312,3.7294083,0.59698224
product50,20221116,4.355299,4.1639614,0.06323431
product50,20221117,3.1136742,5.5355487,-2.3823104
product50,20221118,2.5030825,3.8798928,-1.4240844
product50,20221121,5.52112,11.605638,-5.8719625
product50,20221122,5.520941,2.2891328,2.9134793
product50,20221123,5.8285775,1.7398756,3.71998
product51,20221110,0.9872283,1.3736805,-0.6508169
product51,20221111,0.72075814,0.6494002,-0.103954464
product51,20221114,3.6279175,2.0050232,1.2676523
product51,20221115,2.2324023,0.9293375,1.1803789
product51,20221116,2.136756,1.1000676,0.88746196
product51,20221117,1.7038062,1.0647179,0.4901921
product51,20221118,1.2628639,0.62929714,0.5530932
product51,20221121,4.378479,1.4682213,2.6129122
product51,20221122,2.5962899,0.59908754,1.978687
product51,20221123,3.1731048,0.4834393,2.720541
product52,20221110,0.08806044,0.12184364,-0.40277088
product52,20221111,0.07151298,0.08871273,-0.33169478
product52,20221114,0.17337024,0.2194034,-0.3873864
product52,20221115,0.13562971,0.13323018,-0.20667504
product52,20221116,0.13941444,0.12542519,-0.14672187
product52,20221117,0.11958246,0.10903114,-0.14920637
product52,20221118,0.09767397,0.088250056,-0.15225697
product52,20221121,0.21182667,0.20402107,-0.18361878
product52,20221122,0.13006458,0.1106105,-0.12218549
product52,20221123,0.12779357,0.101856336,-0.087137036
product53,20221110,0.10581671,0.22485557,-0.6695033
product53,20221111,0.0887589,0.124048844,-0.40905517
product53,20221114,0.29260728,0.36115506,-0.46627918
product53,20221115,0.29188034,0.21587005,-0.06849197
product53,20221116,0.2976796,0.23178878,-0.07267655
product53,20221117,0.22838886,0.19788566,-0.12865835
product53,20221118,0.16190091,0.13000797,-0.101569355
product53,20221121,0.49330452,0.56536895,-0.39366686
product53,20221122,0.31020114,0.20141892,0.035779767
product53,20221123,0.33745912,0.16335924,0.21729812
product54,20221110,0.15094101,0.14876373,-0.35563332
product54,20221111,0.11525049,0.105553396,-0.3192913
product54,20221114,0.38731307,0.25201458,-0.06527674
product54,20221115,0.30191112,0.17431195,-0.011511937
product54,20221116,0.3160035,0.17260413,0.031019054
product54,20221117,0.26207694,0.15541491,-0.030124612
product54,20221118,0.21002236,0.12633018,-0.06531072
product54,20221121,0.58724463,0.27263397,0.23176076
product54,20221122,0.37478784,0.16853628,0.152613
product54,20221123,0.42575625,0.16290505,0.26241693
product55,20221110,0.1863402,0.11998704,-0.17739877
product55,20221111,0.14675339,0.09314173,-0.18955202
product55,20221114,0.57443297,0.18720439,0.38748312
product55,20221115,0.40699226,0.15283713,0.21774414
product55,20221116,0.43633398,0.15165381,0.27784654
product55,20221117,0.38218677,0.14172515,0.21511428
product55,20221118,0.3222963,0.12266173,0.15817675
product55,20221121,1.1156902,0.24577771,0.9354716
product55,20221122,0.7076969,0.17211705,0.61564827
product55,20221123,0.8616975,0.17314269,0.81358004
product56,20221110,0.08777658,0.093117684,-0.43920118
product56,20221111,0.07631378,0.07297335,-0.38132054
product56,20221114,0.1925239,0.180332,-0.35479638
product56,20221115,0.2388371,0.13674183,-0.080251716
product56,20221116,0.24130973,0.13773371,-0.06697063
product56,20221117,0.1791986,0.13159184,-0.20351279
product56,20221118,0.14047012,0.107387245,-0.23402457
product56,20221121,0.39003485,0.28492016,-0.14465517
product56,20221122,0.21469888,0.1561171,-0.18589056
product56,20221123,0.21439137,0.14038207,-0.13092417
product57,20221110,0.46546468,0.6598799,-0.59522784
product57,20221111,0.30420637,0.27358115,-0.1970413
product57,20221114,1.2459618,1.3366686,-0.49249402
product57,20221115,0.84956515,0.5418033,0.15622227
product57,20221116,0.8470946,0.6775503,-0.028983809
product57,20221117,0.69380283,0.6077683,-0.122095495
product57,20221118,0.45914805,0.3029949,0.039535113
product57,20221121,1.5388474,1.6524138,-0.40343618
product57,20221122,0.8174542,0.517267,0.17791945
product57,20221123,0.92657477,0.40945202,0.50420177
product58,20221110,0.18864912,0.30733702,-0.42352605
product58,20221111,0.14812692,0.19447586,-0.26190597
product58,20221114,0.27336752,0.62258095,-0.7764003
product58,20221115,0.26046306,0.3262834,-0.2524045
product58,20221116,0.25975317,0.3037684,-0.1897468
product58,20221117,0.21559025,0.25806475,-0.18973002
product58,20221118,0.17556196,0.19196539,-0.13993049
product58,20221121,0.3182271,0.6050333,-0.60543346
product58,20221122,0.2770536,0.29002458,-0.13099563
product58,20221123,0.27727246,0.23058523,0.014890209
product59,20221110,1.3590051,5.3907166,-4.0380874
product59,20221111,1.0531073,1.8444353,-0.9226229
product59,20221114,3.5471766,8.646202,-5.1822844
product59,20221115,2.3272486,2.641137,-0.43741637
product59,20221116,2.5487256,3.8967645,-1.3931853
product59,20221117,1.9357221,3.3861337,-1.498202
product59,20221118,1.3926783,1.3536664,-0.07016233
product59,20221121,3.6077702,4.6475525,-1.1175048
product59,20221122,2.6549618,1.6452518,0.90664804
product59,20221123,2.6250577,1.3551838,1.1974684
product6,20221110,0.40845922,0.6039108,-0.4921428
product6,20221111,0.3114155,0.29034418,-0.11220466
product6,20221114,0.7925284,1.3166703,-0.8435286
product6,20221115,0.700506,0.57938504,0.011047311
product6,20221116,0.7032607,0.6237972,-0.02580624
product6,20221117,0.5301815,0.51458627,-0.09954507
product6,20221118,0.40544796,0.3277982,0.014651567
product6,20221121,0.8208856,1.5538905,-1.010451
product6,20221122,0.73765653,0.5294491,0.1545999
product6,20221123,0.8507275,0.38935775,0.5398817
product60,20221110,0.7941159,0.37896037,0.22435574
product60,20221111,0.63057166,0.20746048,0.41122386
product60,20221114,1.0730022,0.7419632,-0.053368002
product60,20221115,1.3214891,0.36687392,0.89442945
product60,20221116,1.5314558,0.46365893,0.95582235
product60,20221117,1.3399616,0.52608585,0.657027
product60,20221118,1.0104711,0.3959849,0.4953268
product60,20221121,1.8821833,1.5709112,-0.12867132
product60,20221122,1.428686,0.42485017,0.9002517
product60,20221123,1.6323341,0.35560292,1.247035
product61,20221110,2.5071735,2.060971,0.23142383
product61,20221111,1.7511938,0.76639265,0.9287261
product61,20221114,4.242629,4.3763814,-0.5045489
product61,20221115,2.819917,1.4324782,1.191141
product61,20221116,2.7595162,2.2998784,0.2631446
product61,20221117,2.4358096,2.6460524,-0.37888122
product61,20221118,1.6951749,1.284582,0.2399436
product61,20221121,3.5017562,6.0048585,-2.6863985
product61,20221122,2.4400754,1.1583639,1.0950614
product61,20221123,2.8476527,0.99468696,1.7007196
product62,20221110,1.4636577,3.847674,-2.49938
product62,20221111,0.83903944,1.7392548,-1.124758
product62,20221114,4.258785,8.436868,-4.4970713
product62,20221115,2.0527194,2.644921,-0.79611015
product62,20221116,2.0150852,3.8734689,-1.9894569
product62,20221117,1.5597066,4.13048,-2.6808703
product62,20221118,0.9937898,1.7517675,-1.0224969
product62,20221121,3.3019373,7.0812473,-3.8949118
product62,20221122,1.9142611,1.8186024,-0.12734434
product62,20221123,2.2732992,1.458511,0.63305116
product63,20221110,0.1614451,0.13871798,-0.34557515
product63,20221111,0.10388812,0.099357754,-0.4117709
product63,20221114,0.69266546,0.20467426,0.49431932
product63,20221115,0.29973647,0.15766697,-0.022311047
product63,20221116,0.34071246,0.15574458,0.07621746
product63,20221117,0.29083118,0.14004694,0.026806757
product63,20221118,0.2248707,0.11072345,-0.023357548
product63,20221121,1.256046,0.2549729,1.0718486
product63,20221122,0.46096826,0.15898137,0.2834121
product63,20221123,0.46537775,0.1473269,0.33023608
product64,20221110,0.3495245,0.3977883,-0.53822696
product64,20221111,0.19677824,0.22587855,-0.52656525
product64,20221114,2.7836905,0.44122744,2.0819073
product64,20221115,1.116232,0.29633588,0.70847744
product64,20221116,1.1416816,0.46069324,0.46172643
product64,20221117,0.8172018,0.5863996,-0.104435176
product64,20221118,0.48224705,0.28085384,-0.06884439
product64,20221121,6.1106,1.0233018,4.5204897
product64,20221122,1.7142936,0.2950232,1.3743738
product64,20221123,1.9523193,0.3189907,1.5952468
product65,20221110,0.16357194,0.13924918,-0.3193422
product65,20221111,0.12085529,0.0935082,-0.264663
product65,20221114,0.59205973,0.3526626,0.005150236
product65,20221115,0.34327093,0.16907337,0.057544775
product65,20221116,0.41942054,0.18334678,0.16878909
product65,20221117,0.34149632,0.16268037,0.09474564
product65,20221118,0.25103882,0.12267534,0.040069886
product65,20221121,0.91772133,0.5190162,0.20152664
product65,20221122,0.3906908,0.17673005,0.14333858
product65,20221123,0.39380348,0.15646227,0.21743578
product66,20221110,0.09196058,0.09625677,-0.3084246
product66,20221111,0.0802685,0.07383173,-0.23990116
product66,20221114,0.14363787,0.17763738,-0.39292887
product66,20221115,0.12543043,0.114093006,-0.21428038
product66,20221116,0.1372534,0.11370315,-0.15486968
product66,20221117,0.12464015,0.1031691,-0.15169813
product66,20221118,0.10972767,0.08850548,-0.14631717
product66,20221121,0.18794695,0.17363568,-0.20401642
product66,20221122,0.14415908,0.11007724,-0.1132897
product66,20221123,0.15371299,0.105149165,-0.055868506
product67,20221110,3.58558,3.4765651,-0.074994385
product67,20221111,2.4233713,1.350476,0.95068693
product67,20221114,6.4173956,8.043568,-1.9263828
product67,20221115,3.780434,2.0516443,1.4950876
product67,20221116,3.577169,3.31258,0.114400245
product67,20221117,3.1796842,4.2553506,-1.1590331
product67,20221118,2.1322315,2.3112867,-0.33919144
product67,20221121,5.296826,9.134109,-3.9845223
product67,20221122,3.5104103,1.3396512,1.92907
product67,20221123,4.338129,1.1615272,2.9342318
product68,20221110,0.45405695,0.8830547,-0.7362524
product68,20221111,0.32539585,0.41349784,-0.285889
product68,20221114,1.2435288,1.7937946,-0.77846605
product68,20221115,0.8186704,0.7494202,-0.029885806
product68,20221116,0.7872305,0.7832636,-0.09365577
product68,20221117,0.57674164,0.65753126,-0.20623335
product68,20221118,0.4348765,0.39252406,-0.03095553
product68,20221121,1.2758155,1.9169918,-0.81094587
product68,20221122,0.8941303,0.63565236,0.23447731
product68,20221123,1.0073175,0.48243147,0.6052475
product70,20221110,0.15330411,0.17247027,-0.3430822
product70,20221111,0.111883946,0.11708038,-0.2962176
product70,20221114,0.43069613,0.31833735,-0.08349012
product70,20221115,0.26423475,0.18522467,-0.04971002
product70,20221116,0.2874739,0.17997845,0.032865636
product70,20221117,0.23578699,0.1541948,-0.0007408485
product70,20221118,0.18373704,0.11720046,-0.011944506
product70,20221121,0.60178953,0.33963296,0.18254353
product70,20221122,0.30918404,0.15771522,0.1453194
product70,20221123,0.30538538,0.13781297,0.20890108
product71,20221110,0.07680495,0.09993482,-0.370685
product71,20221111,0.06960936,0.076996066,-0.27814555
product71,20221114,0.10503693,0.18529457,-0.55728555
product71,20221115,0.119379945,0.12943922,-0.26751456
product71,20221116,0.11833399,0.12160275,-0.22004917
product71,20221117,0.10339563,0.10924171,-0.22234872
product71,20221118,0.09174459,0.09391206,-0.2097216
product71,20221121,0.14447647,0.18743448,-0.35143623
product71,20221122,0.1207797,0.11956355,-0.19814913
product71,20221123,0.11956184,0.11022315,-0.16007438
product72,20221110,0.25007468,0.24024856,-0.3460372
product72,20221111,0.20221178,0.16485228,-0.25686216
product72,20221114,1.0679295,0.5702649,0.2537343
product72,20221115,0.8073844,0.29120997,0.46685055
product72,20221116,0.87029576,0.3315395,0.47532374
product72,20221117,0.56461704,0.3358052,0.057511397
product72,20221118,0.4361636,0.2628943,-0.0041163787
product72,20221121,2.3185308,0.8300673,1.3090315
product72,20221122,0.7654803,0.3312292,0.35707295
product72,20221123,0.93147516,0.32411128,0.57865465
product73,20221110,0.0798621,0.11051148,-0.38820836
product73,20221111,0.06898802,0.08303596,-0.30264556
product73,20221114,0.13169326,0.20708661,-0.48819155
product73,20221115,0.12240547,0.13087258,-0.2398604
product73,20221116,0.12484488,0.12289544,-0.18099487
product73,20221117,0.1100782,0.10694205,-0.16718203
product73,20221118,0.09352087,0.08905202,-0.16235802
product73,20221121,0.16671216,0.199586,-0.29513025
product73,20221122,0.12280663,0.11406494,-0.15482774
product73,20221123,0.120604485,0.10334608,-0.11205024
product75,20221110,1.8316388,1.9755098,-0.33524823
product75,20221111,1.3438541,0.74034435,0.5458288
product75,20221114,3.6796312,5.11367,-1.7597655
product75,20221115,2.2936752,1.5439495,0.5617583
product75,20221116,2.1118693,2.183148,-0.23669308
product75,20221117,1.5615077,2.6476765,-1.2322667
product75,20221118,1.090293,1.3275969,-0.43926278
product75,20221121,3.1308262,6.974295,-3.908091
product75,20221122,2.2629304,1.2371746,0.8474828
product75,20221123,2.7762175,0.9007248,1.7625351
product76,20221110,0.1299564,0.19196996,-0.39106447
product76,20221111,0.10129882,0.13156389,-0.29865208
product76,20221114,0.21229836,0.35503915,-0.51878464
product76,20221115,0.1785728,0.20774108,-0.24146603
product76,20221116,0.17780319,0.19389634,-0.18916678
product76,20221117,0.14998846,0.16316445,-0.1795414
product76,20221118,0.122743145,0.12952837,-0.16863748
product76,20221121,0.23356475,0.30789575,-0.318455
product76,20221122,0.16478032,0.16846097,-0.15656763
product76,20221123,0.16469428,0.15508302,-0.108926386
product78,20221110,0.23122402,0.13014989,-0.2416725
product78,20221111,0.15817688,0.0941561,-0.29935867
product78,20221114,0.95711285,0.20058875,0.7150581
product78,20221115,0.6056359,0.1528566,0.3994404
product78,20221116,0.8661975,0.16840489,0.7064592
product78,20221117,0.7701827,0.17371127,0.57107764
product78,20221118,0.5419948,0.1372205,0.3643673
product78,20221121,2.6248426,0.33060482,2.19051
product78,20221122,0.97357774,0.180622,0.8004149
product78,20221123,1.0395631,0.17450918,0.8988861
product79,20221110,1.0945922,2.1665645,-1.2777412
product79,20221111,0.9209933,0.75050247,0.05987469
product79,20221114,2.6057484,5.9458976,-3.4897196
product79,20221115,2.488961,0.9160727,1.4470863
product79,20221116,2.5777013,1.1093738,1.3561189
product79,20221117,1.93636,1.9662427,-0.16072863
product79,20221118,1.308754,0.9454525,0.26208463
product79,20221121,2.2797055,5.771692,-3.4562588
product79,20221122,2.4011226,0.5406635,1.9368846
product79,20221123,2.5558846,0.63067853,1.963412
product8,20221110,0.08121888,0.11507374,-0.413467
product8,20221111,0.06885716,0.086262085,-0.33490446
product8,20221114,0.12206391,0.19263116,-0.49480596
product8,20221115,0.1143707,0.13181758,-0.2902533
product8,20221116,0.11838043,0.124890275,-0.23025423
product8,20221117,0.10530885,0.10928654,-0.21457584
product8,20221118,0.0897262,0.09138699,-0.20937581
product8,20221121,0.14620522,0.17614383,-0.30455995
product8,20221122,0.110056065,0.11266901,-0.21453696
product8,20221123,0.108519286,0.10442714,-0.18156433
product80,20221110,0.76506543,1.3573138,-0.82832754
product80,20221111,0.68458956,0.59209573,-0.008852914
product80,20221114,2.573957,4.3258705,-1.9023374
product80,20221115,2.167109,1.3312535,0.70701516
product80,20221116,1.8980823,1.1301394,0.69009614
product80,20221117,1.3944952,1.0292095,0.29313445
product80,20221118,1.0284202,0.6094703,0.39280608
product80,20221121,3.233554,4.5283012,-1.3977039
product80,20221122,2.2575169,0.8549931,1.3767129
product80,20221123,2.7568352,0.7223449,2.0289218
product81,20221110,0.09594392,0.10886268,-0.34445053
product81,20221111,0.086908795,0.08194812,-0.24657296
product81,20221114,0.15694201,0.2246074,-0.47748947
product81,20221115,0.1939995,0.15103291,-0.12999904
product81,20221116,0.18681954,0.14311363,-0.10463627
product81,20221117,0.14972842,0.12782475,-0.15548398
product81,20221118,0.1270287,0.107952274,-0.16015245
product81,20221121,0.25314936,0.28162494,-0.31165054
product81,20221122,0.20059101,0.14940503,-0.08434783
product81,20221123,0.20617723,0.1353822,-0.015361838
product82,20221110,2.4085345,3.535368,-1.2829549
product82,20221111,1.9467351,1.2119013,0.58692497
product82,20221114,6.3748446,8.464838,-2.3795288
product82,20221115,4.1390796,2.6944504,1.1248158
product82,20221116,3.4123554,3.29447,-0.09079552
product82,20221117,2.5715024,3.8202024,-1.37677
product82,20221118,2.116407,1.6557591,0.23917146
product82,20221121,7.6273427,8.229742,-0.87910265
product82,20221122,4.5856824,1.1782484,3.0472708
product82,20221123,5.2333255,0.9620762,3.9277306
product83,20221110,0.19912107,0.71863,-1.0327752
product83,20221111,0.17083807,0.37145263,-0.57919407
product83,20221114,0.5358657,1.4778244,-1.3437467
product83,20221115,0.6192541,0.6932632,-0.24062634
product83,20221116,0.47111607,0.5696152,-0.24655077
product83,20221117,0.34301856,0.4911075,-0.3383404
product83,20221118,0.2679574,0.32396343,-0.2159483
product83,20221121,0.7627889,1.2066137,-0.6595011
product83,20221122,0.57264,0.48189852,0.042542294
product83,20221123,0.5901634,0.4122447,0.18809702
product84,20221110,0.07245875,0.09780704,-0.4030134
product84,20221111,0.06918754,0.076057084,-0.29069525
product84,20221114,0.08455652,0.20096877,-0.71271557
product84,20221115,0.12004009,0.14407113,-0.33891082
product84,20221116,0.12209417,0.13345096,-0.26731712
product84,20221117,0.10597036,0.11812667,-0.2625976
product84,20221118,0.09393803,0.101663515,-0.24801946
product84,20221121,0.13028382,0.21960986,-0.50280464
product84,20221122,0.11985718,0.13291433,-0.26511106
product84,20221123,0.12127793,0.12268087,-0.2153138
product85,20221110,0.2200222,0.2522844,-0.4328253
product85,20221111,0.2011747,0.1711763,-0.24014452
product85,20221114,0.40789175,0.5187045,-0.62572384
product85,20221115,0.5860441,0.3057036,0.14377712
product85,20221116,0.66099775,0.3443314,0.18800722
product85,20221117,0.5310871,0.384303,-0.058801845
product85,20221118,0.37521017,0.2843636,-0.12473826
product85,20221121,1.1251665,0.8590169,-0.030116439
product85,20221122,0.7803045,0.3577476,0.34355518
product85,20221123,0.8466394,0.292235,0.5582184
product86,20221110,4.8484573,4.4509206,0.2645418
product86,20221111,3.28932,1.9723903,1.184288
product86,20221114,16.434326,19.365442,-3.2421353
product86,20221115,6.628533,2.8096442,3.3672256
product86,20221116,6.0874863,4.8337173,1.1129998
product86,20221117,5.2535834,8.096531,-2.7313685
product86,20221118,3.8807228,4.017336,-0.18938696
product86,20221121,18.950548,23.699596,-4.705304
product86,20221122,7.4402504,1.7228165,5.209329
product86,20221123,9.062778,2.513926,5.9911942
product87,20221110,1.4012653,2.3492846,-1.0933225
product87,20221111,1.1928422,0.7276147,0.4453383
product87,20221114,2.6504776,8.732934,-6.203554
product87,20221115,2.9785323,3.8445501,-1.0548234
product87,20221116,0.95094997,4.5834284,-3.7509465
product87,20221117,1.1932629,4.0667367,-2.938211
product87,20221118,1.2173562,2.0706215,-1.0246782
product87,20221121,3.9598663,11.460026,-7.2729187
product87,20221122,2.842168,1.7389982,0.7898754
product87,20221123,3.56595,2.6592138,0.67735565
product88,20221110,0.35186428,0.18723537,-0.1768564
product88,20221111,0.24799788,0.12971105,-0.22073689
product88,20221114,1.728177,0.24436851,1.4796419
product88,20221115,1.6482128,0.20212154,1.451493
product88,20221116,1.6587212,0.2264875,1.3922397
product88,20221117,1.3650864,0.2480085,1.0384135
product88,20221118,0.8900571,0.17558593,0.68061906
product88,20221121,5.496463,0.4488669,4.721863
product88,20221122,2.8262608,0.23510239,2.5431213
product88,20221123,2.891882,0.24751875,2.5748763
product89,20221110,1.5554508,0.6193831,0.76972634
product89,20221111,0.9791511,0.33754134,0.59133327
product89,20221114,4.754943,1.693675,2.689147
product89,20221115,3.088983,0.8026939,2.092105
product89,20221116,2.5760767,0.8309264,1.5420513
product89,20221117,2.135912,0.850881,1.0887669
product89,20221118,1.4096268,0.47424003,0.84840333
product89,20221121,5.5475483,2.3507693,2.7786846
product89,20221122,2.6703992,0.6953953,1.7945751
product89,20221123,2.8459332,0.7312175,1.9160051
product9,20221110,1.3065368,4.273682,-3.1476045
product9,20221111,0.9501548,1.2298065,-0.48867995
product9,20221114,3.5932102,6.335599,-3.2278614
product9,20221115,2.4215539,1.9339796,0.16968912
product9,20221116,2.1556153,3.2108233,-1.3113267
product9,20221117,1.5746582,4.1470594,-2.7502766
product9,20221118,1.1389567,1.4185567,-0.57431686
product9,20221121,3.965053,4.9292607,-1.3500848
product9,20221122,2.775963,0.8145017,1.7404011
product9,20221123,3.1122558,0.6114038,2.3707678
product90,20221110,0.24266219,0.30454442,-0.3407508
product90,20221111,0.17288314,0.18254498,-0.22317359
product90,20221114,0.75570047,0.8093515,-0.2951162
product90,20221115,0.5289133,0.3657022,0.09356768
product90,20221116,0.42781353,0.31244949,0.04833124
product90,20221117,0.31124246,0.26053816,-0.05149459
product90,20221118,0.23147084,0.18174349,-0.03746467
product90,20221121,0.9549304,0.940162,-0.16502556
product90,20221122,0.4635418,0.27486837,0.18921684
product90,20221123,0.46205074,0.24687143,0.2525604
product91,20221110,0.56689155,0.4760748,-0.10476276
product91,20221111,0.4076275,0.2682873,0.033272415
product91,20221114,1.9684993,1.157417,0.6366476
product91,20221115,1.2728362,0.54288906,0.6734555
product91,20221116,1.1557449,0.5288006,0.57960945
product91,20221117,0.8483802,0.46511775,0.32607338
product91,20221118,0.61009085,0.3264423,0.24857196
product91,20221121,2.3576407,1.4603537,0.68038774
product91,20221122,1.3022397,0.4572919,0.85297877
product91,20221123,1.4116135,0.40464512,1.0604327
product92,20221110,5.0602965,1.8930502,2.866999
product92,20221111,3.54297,1.1108134,2.2575126
product92,20221114,15.951421,8.138546,7.2921133
product92,20221115,6.602884,1.7275536,4.4647846
product92,20221116,6.0986214,2.4716892,3.2437644
product92,20221117,5.5669317,3.0649693,2.1664448
product92,20221118,4.135626,2.040886,1.7989104
product92,20221121,17.960712,11.926697,5.6393943
product92,20221122,6.6606646,0.8987397,5.328966
product92,20221123,6.443503,2.5236688,3.4715571
product93,20221110,1.042408,1.063154,-0.29036635
product93,20221111,0.8221953,0.46393627,0.25795698
product93,20221114,2.8666365,3.6796663,-1.1147976
product93,20221115,2.3832033,1.1311823,1.0462484
product93,20221116,1.9336265,1.3918161,0.33131456
product93,20221117,1.5352144,1.1401933,0.20975706
product93,20221118,1.1451685,0.55503124,0.5033715
product93,20221121,4.1056952,5.281102,-1.4037288
product93,20221122,2.3467805,0.7856692,1.4100928
product93,20221123,2.9400618,0.81052023,1.9665976
product94,20221110,0.23895542,0.20487753,-0.5269393
product94,20221111,0.15370794,0.14299944,-0.5950498
product94,20221114,2.9490452,0.3407958,2.4563498
product94,20221115,1.8785826,0.23648892,1.5880435
product94,20221116,1.6564071,0.26361573,1.2864248
product94,20221117,1.4501883,0.29422158,1.0174705
product94,20221118,0.965001,0.19264607,0.70645356
product94,20221121,9.5457735,0.5696422,8.449353
product94,20221122,2.55096,0.27759266,2.1916227
product94,20221123,2.4555166,0.29421517,2.065618
product95,20221110,2.156456,1.0318896,0.8822941
product95,20221111,1.6220719,0.6149045,0.82034713
product95,20221114,8.9177475,2.4307723,5.993654
product95,20221115,8.509951,0.58443135,7.628047
product95,20221116,6.380565,0.5491189,5.5671825
product95,20221117,5.7444696,0.98746234,4.41249
product95,20221118,4.661206,0.59228736,3.849848
product95,20221121,20.668444,1.7989213,17.99825
product95,20221122,9.4378805,0.26209727,8.981254
product95,20221123,10.266497,0.8133685,8.8495245
product96,20221110,3.9321992,1.2677315,2.4479904
product96,20221111,2.7699776,0.6119003,2.1513233
product96,20221114,10.575043,8.796998,1.3485018
product96,20221115,5.1879635,1.1917958,3.5931714
product96,20221116,4.814354,1.9152762,2.552711
product96,20221117,4.270572,3.0966039,0.8893893
product96,20221118,3.1405659,2.5027158,0.3911393
product96,20221121,14.402704,18.313364,-4.000922
product96,20221122,5.449792,0.6654391,4.423399
product96,20221123,5.011767,1.6173791,2.9978614
product97,20221110,0.08368324,0.08751479,-0.45246744
product97,20221111,0.077570856,0.07076529,-0.379996
product97,20221114,0.13781516,0.15463932,-0.4898435
product97,20221115,0.19638565,0.12491741,-0.16896638
product97,20221116,0.2084222,0.12404235,-0.118511975
product97,20221117,0.16736268,0.116489,-0.20473106
product97,20221118,0.13823771,0.09877902,-0.22939852
product97,20221121,0.27764964,0.20229177,-0.19971225
product97,20221122,0.19663867,0.13384265,-0.18165325
product97,20221123,0.20634446,0.12735705,-0.12913659
product98,20221110,0.06929029,0.088166855,-0.3769516
product98,20221111,0.06683159,0.07073011,-0.2763284
product98,20221114,0.08086962,0.19645926,-0.72317505
product98,20221115,0.11237492,0.1318732,-0.325107
product98,20221116,0.11635408,0.12134085,-0.24480048
product98,20221117,0.10220937,0.108178616,-0.24018003
product98,20221118,0.090557754,0.093797594,-0.23031117
product98,20221121,0.1245107,0.21605252,-0.52001053
product98,20221122,0.11533731,0.123478,-0.24939013
product98,20221123,0.11913462,0.11470312,-0.19277963
product99,20221110,0.46753007,0.27001122,-0.26850063
product99,20221111,0.3119224,0.18206692,-0.33565736
product99,20221114,3.585544,0.572332,2.6345391
product99,20221115,2.7079105,0.28459498,2.260929
product99,20221116,2.431488,0.29965118,1.9302721
product99,20221117,2.200605,0.32093093,1.6816907
product99,20221118,1.7194473,0.22328395,1.4243152
product99,20221121,11.160963,0.88614726,9.491133
product99,20221122,5.1738925,0.2934085,4.6227493
product99,20221123,5.3392286,0.3868727,4.5995407
