product_pid,transaction_date,apply_amt_pred,redeem_amt_pred,net_in_amt_pred
product1,20221110,3.262683,1.1625109,2.1757364
product1,20221111,1.3574979,0.47833237,1.0568271
product1,20221114,4.164617,2.2732358,1.9886876
product1,20221115,5.782266,0.24398345,5.92871
product1,20221116,5.0428247,0.94223845,4.308483
product1,20221117,2.8931334,1.6957676,1.4794118
product1,20221118,1.4711243,2.9275236,-1.1590384
product1,20221121,8.9765625,2.860874,6.1287184
product1,20221122,0.73203653,1.9780055,-1.1890466
product1,20221123,1.7466228,1.2134588,0.6964197
product100,20221110,2.157425,1.7392962,0.44592142
product100,20221111,1.8756939,0.8982727,0.9919646
product100,20221114,3.134672,5.307362,-1.8744757
product100,20221115,4.221415,1.4416668,2.7676938
product100,20221116,3.664266,0.46038437,3.334622
product100,20221117,1.884925,0.41113544,1.6470423
product100,20221118,1.4644203,0.5518819,0.98937565
product100,20221121,3.7134001,0.6316679,3.2801147
product100,20221122,1.0201974,0.25353488,1.1931592
product100,20221123,1.333692,0.50214785,1.1260902
product101,20221110,4.3938723,1.9498382,2.4207575
product101,20221111,5.0599294,0.80038816,4.242814
product101,20221114,6.4553313,4.3464255,2.288587
product101,20221115,4.5940747,1.9248049,2.7522728
product101,20221116,4.8698134,0.93548656,3.991198
product101,20221117,4.6245313,0.5226852,4.2408023
product101,20221118,3.1955395,0.770887,2.5072246
product101,20221121,4.9726906,3.134169,2.0580602
product101,20221122,2.196296,0.3358495,2.3493648
product101,20221123,3.7832012,0.4862147,3.6070757
product102,20221110,2.7632754,0.9462067,1.8240542
product102,20221111,1.5440769,0.33378154,1.3990331
product102,20221114,6.57114,4.3011355,2.291626
product102,20221115,1.945734,0.64618987,1.3720336
product102,20221116,1.5536774,0.5398881,1.0639275
product102,20221117,1.7753592,0.23782559,1.7949777
product102,20221118,0.83014786,0.39812875,0.3878665
product102,20221121,4.6657705,0.71839285,3.980392
product102,20221122,0.57905036,0.10062654,0.89513797
product102,20221123,0.64655805,0.25672176,0.5344981
product103,20221110,3.2144365,0.8369754,2.3983936
product103,20221111,2.4786873,0.40080687,2.246531
product103,20221114,5.66361,3.813352,1.9107914
product103,20221115,2.70744,0.879618,1.8837808
product103,20221116,2.5520062,0.77751774,1.822564
product103,20221117,2.019775,0.40124208,1.788744
product103,20221118,1.7381941,0.36714128,1.5293753
product103,20221121,6.314015,0.21908392,6.385829
product103,20221122,1.3321468,0.12589748,1.7720153
product103,20221123,1.5702169,0.21109994,1.7898109
product104,20221110,4.581895,1.5192993,2.995364
product104,20221111,4.2230105,0.64763206,3.6089802
product104,20221114,7.882122,3.1848047,4.715349
product104,20221115,3.5571263,1.450099,2.265349
product104,20221116,4.1948404,0.8106298,3.5231373
product104,20221117,4.4303083,0.50350213,4.0773478
product104,20221118,3.946349,0.6519547,3.3636336
product104,20221121,8.830679,3.14996,5.7117724
product104,20221122,1.8573818,0.86021644,1.259709
product104,20221123,1.7657284,1.4945536,0.4735102
product105,20221110,7.2768655,2.9518874,4.175555
product105,20221111,5.439125,1.2844555,4.028873
product105,20221114,9.862473,8.565634,1.7491124
product105,20221115,4.2745824,2.258837,2.1679318
product105,20221116,3.8349056,2.0963867,1.841048
product105,20221117,2.5986736,1.7241919,0.9644704
product105,20221118,3.4711585,1.2131786,2.2572222
product105,20221121,4.991567,7.2236366,-1.7720122
product105,20221122,1.3973098,1.3802831,0.18003686
product105,20221123,2.1624863,2.2450216,0.15699704
product106,20221110,8.273284,2.1228638,5.8978205
product106,20221111,3.8154058,0.55808717,3.3394072
product106,20221114,16.79866,5.7687564,10.934878
product106,20221115,9.916765,1.5735053,8.281177
product106,20221116,5.5726266,2.3522859,3.4472792
product106,20221117,4.064388,2.1512308,2.1957026
product106,20221118,3.5801783,1.3512678,2.368166
product106,20221121,9.5146475,6.299478,3.5153508
product106,20221122,8.278302,2.1613998,6.180969
product106,20221123,4.1790886,1.4688716,2.916472
product107,20221110,1.1570702,0.65886027,0.56682795
product107,20221111,0.5549614,0.12630363,0.7881776
product107,20221114,4.9398346,0.2779117,4.8725705
product107,20221115,6.013178,0.25689906,5.9162292
product107,20221116,6.7862186,0.26773548,6.6572485
product107,20221117,6.9546785,0.24770041,6.8781796
product107,20221118,6.019215,0.31851894,5.8872166
product107,20221121,12.119175,0.08447574,12.560119
product107,20221122,6.7494364,0.045775373,7.585596
product107,20221123,12.820951,0.30799568,12.5894375
product108,20221110,5.9209385,2.5270221,3.2785075
product108,20221111,4.2819376,0.91193324,3.3278303
product108,20221114,15.054205,6.6308756,8.40391
product108,20221115,4.4397135,2.6755865,1.9139707
product108,20221116,4.847608,1.4738309,3.4253213
product108,20221117,3.6773758,1.1921066,2.6068156
product108,20221118,3.733626,0.33692104,3.6644344
product108,20221121,15.693267,3.2705417,12.112193
product108,20221122,4.2156153,0.5459676,3.7687469
product108,20221123,4.8703623,1.10831,3.7426653
product109,20221110,4.0302935,1.655481,2.3307147
product109,20221111,4.0026984,0.73438424,3.2854462
product109,20221114,9.902576,5.57288,4.4754095
product109,20221115,3.1302903,1.4730879,1.8126998
product109,20221116,4.6163015,0.956323,3.7585
product109,20221117,3.967339,0.5400589,3.6473956
product109,20221118,3.6012254,0.6008801,3.1755373
product109,20221121,13.647288,5.7260823,7.984378
product109,20221122,4.7783318,1.4451327,3.5008755
product109,20221123,4.219749,1.5047674,2.8664036
product110,20221110,0.2191611,0.3738228,-0.46533155
product110,20221111,0.25440744,0.09983306,0.3065981
product110,20221114,0.6448311,0.45881948,0.11733663
product110,20221115,0.3223268,0.15693901,0.16224715
product110,20221116,0.2288456,0.107402965,0.089635186
product110,20221117,0.19293697,0.081343,0.09351211
product110,20221118,0.5693419,0.0898336,0.78714865
product110,20221121,1.8153099,0.13058269,2.1036348
product110,20221122,1.9536357,0.06587085,2.428131
product110,20221123,2.5954,0.1267152,2.7305987
product111,20221110,0.6737186,0.7367227,-0.18069492
product111,20221111,0.94003487,0.16505392,1.1232766
product111,20221114,6.5413113,2.1167507,4.175994
product111,20221115,3.4257667,0.37014645,3.1028361
product111,20221116,1.6745754,0.38296944,1.2945518
product111,20221117,0.48942363,0.2364028,0.12892623
product111,20221118,0.5228791,0.1810715,0.33650616
product111,20221121,3.1353774,0.17545547,3.240888
product111,20221122,2.3285167,0.10770903,2.6895418
product111,20221123,1.0554284,0.23852913,0.9769329
product112,20221110,2.9102676,0.8689753,2.0710013
product112,20221111,2.522915,0.39304537,2.3045
product112,20221114,5.125705,3.574638,1.5797713
product112,20221115,2.872829,0.87572646,2.0172641
product112,20221116,2.3987327,0.7664787,1.6597404
product112,20221117,1.5883603,0.38446462,1.3530316
product112,20221118,1.3017383,0.35833517,1.055762
product112,20221121,2.9670103,0.42423403,2.7384472
product112,20221122,0.6415768,0.10190194,0.993995
product112,20221123,0.70990413,0.17757796,0.8500171
product113,20221110,1.6618972,0.6079934,1.1448125
product113,20221111,1.4259311,0.27169973,1.3997204
product113,20221114,3.6898427,2.5079792,1.1323284
product113,20221115,1.3714094,0.472077,0.94514513
product113,20221116,1.2119639,0.4039727,0.84441847
product113,20221117,1.0430398,0.29001942,0.855031
product113,20221118,1.2733229,0.21742387,1.2704952
product113,20221121,3.7999225,0.1324071,4.1258354
product113,20221122,0.8406107,0.0820674,1.2850834
product113,20221123,0.55139494,0.11059848,0.7792996
product114,20221110,1.9571595,0.63574374,1.416143
product114,20221111,1.7894354,0.28941303,1.749683
product114,20221114,3.560406,2.5422082,0.9909836
product114,20221115,1.786285,0.5430201,1.3009431
product114,20221116,1.6326851,0.4816817,1.2066522
product114,20221117,1.3824908,0.28527892,1.2734472
product114,20221118,1.3500074,0.26128837,1.2734666
product114,20221121,3.9911113,0.1338317,4.3327274
product114,20221122,0.85094583,0.09147526,1.2714581
product114,20221123,0.74309057,0.1462821,0.9557568
product115,20221110,5.350163,1.6793616,3.5390282
product115,20221111,4.334732,0.623296,3.7510686
product115,20221114,12.786775,3.4406235,9.214575
product115,20221115,6.795436,0.99328756,5.894288
product115,20221116,5.092213,0.46719643,4.849877
product115,20221117,4.457468,0.40065178,4.2326508
product115,20221118,1.2727096,1.3487332,-0.10265513
product115,20221121,8.376457,1.401875,6.855975
product115,20221122,3.984766,1.4098254,2.771965
product115,20221123,2.6809971,0.86794925,2.089788
product116,20221110,1.8221629,0.67968696,1.2189553
product116,20221111,1.4199401,0.33589065,1.2713397
product116,20221114,3.8288238,3.1649015,0.68183064
product116,20221115,1.5946026,0.5281123,1.1234391
product116,20221116,1.6352956,0.50956964,1.1512239
product116,20221117,1.2544847,0.39833584,0.90575635
product116,20221118,1.3052213,0.281701,1.1713436
product116,20221121,4.7214417,0.3334392,4.545018
product116,20221122,1.0067612,0.1301678,1.3379929
product116,20221123,0.9824972,0.25502986,1.0351173
product117,20221110,4.924238,1.285284,3.4807892
product117,20221111,2.6755235,1.0445709,1.562985
product117,20221114,22.371449,7.4436483,14.421314
product117,20221115,5.6751204,0.99349666,4.5470886
product117,20221116,8.157176,1.6608784,6.1412535
product117,20221117,5.8456044,1.9877645,3.7285213
product117,20221118,4.4538198,1.9979455,2.3842962
product117,20221121,14.753254,11.878458,3.1367962
product117,20221122,8.66207,0.5161638,7.998768
product117,20221123,5.180318,2.9131074,2.3778234
product118,20221110,5.0027366,2.3082008,2.5988886
product118,20221111,3.5221188,0.66980547,2.8719373
product118,20221114,16.05225,7.032251,8.997803
product118,20221115,5.809905,1.4692897,4.3744383
product118,20221116,5.864091,1.814738,4.0491867
product118,20221117,5.2644734,1.1356592,4.115962
product118,20221118,5.3823066,0.94761395,4.343235
product118,20221121,10.159434,7.3911457,2.8964767
product118,20221122,6.991631,1.7546673,5.1424923
product118,20221123,2.3813045,0.5043119,2.181391
product119,20221110,0.51287836,0.63345176,-0.27710998
product119,20221111,0.5352925,0.16751833,0.5826137
product119,20221114,3.8341527,1.3547574,2.3791113
product119,20221115,1.4403422,0.26017663,1.3647382
product119,20221116,1.070523,0.1757642,1.1091752
product119,20221117,0.3760447,0.14963117,0.18877861
product119,20221118,1.6138291,0.118836395,1.8618921
product119,20221121,2.5947282,0.40017006,2.2387261
product119,20221122,2.4685144,0.04546843,3.1776757
product119,20221123,2.281576,0.10988987,2.6179805
product12,20221110,3.4975183,1.3592019,2.1958685
product12,20221111,1.2836028,0.4921242,0.96064067
product12,20221114,4.307552,2.4080665,2.0085225
product12,20221115,5.634834,0.31883237,5.6435018
product12,20221116,4.9122305,1.0814903,4.036324
product12,20221117,3.1999965,1.79072,1.690242
product12,20221118,1.9342152,2.9726615,-0.7089125
product12,20221121,9.249788,3.1987607,6.0847845
product12,20221122,0.9985495,1.996198,-0.8611065
product12,20221123,2.3910637,1.3309162,1.2260025
product120,20221110,6.644643,1.9780262,4.510235
product120,20221111,4.21434,0.6037562,3.6337476
product120,20221114,17.590595,4.430182,12.917398
product120,20221115,7.88999,2.9423847,5.141037
product120,20221116,9.251026,2.2584043,7.035261
product120,20221117,6.801409,2.322493,4.5777407
product120,20221118,3.9017909,1.2270361,2.7440114
product120,20221121,15.949678,4.273368,11.56578
product120,20221122,8.646872,0.7982543,7.7866793
product120,20221123,9.9315405,0.43864983,9.349184
product121,20221110,0.7437297,0.8315802,-0.3611151
product121,20221111,0.51980007,0.7726858,-0.68472874
product121,20221114,3.300208,1.9984968,0.9551004
product121,20221115,1.0298287,0.09977091,1.1545405
product121,20221116,1.8455017,0.07720024,2.0076663
product121,20221117,1.2887349,0.06391678,1.4032046
product121,20221118,0.38332465,0.14434594,-0.16323121
product121,20221121,2.8762565,0.27661663,2.329245
product121,20221122,1.6174327,0.046147335,1.8863006
product121,20221123,2.8363554,0.013571849,3.471066
product122,20221110,0.5879739,0.627359,-0.16896345
product122,20221111,0.8258687,0.17786258,0.9361088
product122,20221114,4.4017897,1.3420881,2.9071183
product122,20221115,1.7505534,0.2784215,1.6288505
product122,20221116,1.1251283,0.20780414,1.0633695
product122,20221117,0.40329528,0.15895663,0.18900415
product122,20221118,0.97022945,0.13540514,1.0694871
product122,20221121,1.9634887,0.47913417,1.4740065
product122,20221122,2.0590825,0.047334593,2.7172089
product122,20221123,1.3447092,0.21685666,1.3031461
product123,20221110,0.9418342,0.6816503,0.24183683
product123,20221111,0.9058276,0.23704226,0.89676714
product123,20221114,4.8921437,2.3978267,2.3638458
product123,20221115,1.8561394,0.37233734,1.5823114
product123,20221116,0.81689477,0.31890973,0.46483418
product123,20221117,0.59655905,0.20636539,0.3949752
product123,20221118,1.1063032,0.17964396,1.1257622
product123,20221121,2.7213192,0.14278929,2.94982
product123,20221122,1.7721467,0.059374977,2.4055533
product123,20221123,0.5310266,0.12225529,0.6245773
product124,20221110,4.047988,2.1018507,1.8909556
product124,20221111,3.1521297,0.979362,2.171163
product124,20221114,12.867032,8.249089,4.7841682
product124,20221115,6.7224183,1.503796,5.1396284
product124,20221116,5.9827504,1.4486446,4.4793644
product124,20221117,4.6067634,0.9387015,3.7041535
product124,20221118,5.4041734,0.921645,4.4217563
product124,20221121,13.693824,9.172677,4.70341
product124,20221122,5.040852,2.27672,2.822289
product124,20221123,2.1192267,1.3329518,0.9507727
product125,20221110,1.9975872,0.9207336,1.1143944
product125,20221111,3.9154928,0.20767476,4.0366135
product125,20221114,6.5633397,1.4133409,5.019621
product125,20221115,5.9642973,0.6628898,5.309304
product125,20221116,4.9588423,0.40980792,4.7008924
product125,20221117,4.3830585,0.19865231,4.5076714
product125,20221118,3.9127133,0.17832588,4.0802326
product125,20221121,11.6139765,0.037174374,12.220875
product125,20221122,5.74598,0.019625416,6.79327
product125,20221123,3.999603,0.1577458,4.2018685
product126,20221110,0.7252854,0.61684823,0.055822168
product126,20221111,1.0554721,0.24250036,1.0698518
product126,20221114,7.0756373,3.2208169,3.6856496
product126,20221115,3.4452384,0.38857177,3.1017122
product126,20221116,2.5543942,0.42578027,2.121996
product126,20221117,2.2224345,0.27662602,2.0552354
product126,20221118,2.8665895,0.28763068,2.6749501
product126,20221121,2.3725948,1.7450584,0.53074944
product126,20221122,2.1750622,0.16336116,2.4514263
product126,20221123,1.7763689,0.3568868,1.6134984
product128,20221110,2.448035,0.57944065,1.9873825
product128,20221111,2.5923262,0.20781566,2.7391891
product128,20221114,4.937794,1.7348828,3.0959477
product128,20221115,3.4371867,0.5233345,2.9896672
product128,20221116,3.3755789,0.39993954,3.0993655
product128,20221117,2.424722,0.24862057,2.4082708
product128,20221118,3.5325654,0.1813071,3.6374378
product128,20221121,7.9436316,0.043175522,8.538518
product128,20221122,5.425422,0.014825997,6.4989715
product128,20221123,3.141772,0.2612757,3.11228
product129,20221110,0.5829771,0.7648559,-0.34554762
product129,20221111,0.71336776,0.20585738,0.722833
product129,20221114,5.566182,2.442739,2.958416
product129,20221115,2.0803857,0.33201194,1.8678727
product129,20221116,1.4007727,0.287498,1.184322
product129,20221117,0.40884343,0.21426147,0.033765793
product129,20221118,0.7633844,0.18140197,0.667674
product129,20221121,1.4184761,0.77571326,0.52729934
product129,20221122,1.1679308,0.07275985,1.6737865
product129,20221123,0.95062375,0.19402221,0.9671968
product13,20221110,1.9487972,1.5611826,0.40089968
product13,20221111,3.3166373,0.47489956,2.969286
product13,20221114,4.2169313,3.4048364,0.8940193
product13,20221115,4.066575,1.2427506,2.8095345
product13,20221116,3.7678454,0.59351313,3.2508092
product13,20221117,2.6448102,0.28354222,2.6212711
product13,20221118,1.2253046,0.54033303,0.7068336
product13,20221121,3.6735258,0.23682196,3.8248072
product13,20221122,1.0416737,0.13160394,1.4247327
product13,20221123,1.3845849,0.29062578,1.4627085
product130,20221110,1.6384444,0.7639091,0.9443208
product130,20221111,1.9202579,0.234091,2.065515
product130,20221114,7.721033,1.4755273,6.087408
product130,20221115,4.615048,0.6261114,4.037521
product130,20221116,4.2161355,0.527568,3.7745142
product130,20221117,4.2432876,0.44073722,3.902988
product130,20221118,3.2703452,0.40627772,2.9995475
product130,20221121,11.15718,1.2529713,9.672577
product130,20221122,13.347376,0.07009473,13.70698
product130,20221123,7.7799554,0.60019743,7.2879734
product131,20221110,0.19734234,0.48088798,-0.7594859
product131,20221111,0.17404921,0.20083854,-0.3357596
product131,20221114,0.24455759,0.6885357,-1.025708
product131,20221115,0.4950283,0.18000686,0.33809736
product131,20221116,0.39963272,0.15479366,0.20966482
product131,20221117,0.20264256,0.09502059,-0.024453744
product131,20221118,0.3994115,0.10559657,0.36063322
product131,20221121,0.64392745,0.37781426,0.094070256
product131,20221122,0.4620677,0.12559389,0.4005205
product131,20221123,0.73184156,0.13154396,0.7286998
product132,20221110,3.1480398,0.8929328,2.308352
product132,20221111,3.0993042,0.4039687,2.9149766
product132,20221114,7.863448,2.76849,5.083068
product132,20221115,8.754401,1.0264498,7.667191
product132,20221116,8.18053,0.7928174,7.406308
product132,20221117,7.378387,0.6590386,6.800905
product132,20221118,6.729779,0.3522757,6.637573
product132,20221121,12.7395525,0.31432778,12.559851
product132,20221122,7.9582777,1.3321835,6.7899504
product132,20221123,5.484048,3.6757567,2.2616343
product133,20221110,0.2831976,0.49717033,-0.51525813
product133,20221111,0.4337634,0.11523815,0.60102093
product133,20221114,4.517282,0.94887817,3.4370494
product133,20221115,2.2288876,0.1630755,2.3699932
product133,20221116,1.1506177,0.1180388,1.3145808
product133,20221117,0.39027414,0.07391263,0.4418407
product133,20221118,1.0652275,0.06927129,1.4335893
product133,20221121,6.5246553,0.041909125,7.055272
product133,20221122,2.5283756,0.06972712,2.9830928
product133,20221123,1.7465072,0.11376594,2.0047274
product134,20221110,0.60651624,0.62485075,-0.13413778
product134,20221111,0.7286913,0.18295896,0.8093201
product134,20221114,4.570751,1.1837522,3.249118
product134,20221115,2.0570087,0.29344875,1.91943
product134,20221116,1.8088443,0.1936235,1.8325957
product134,20221117,0.70489734,0.15262312,0.6471302
product134,20221118,1.5922889,0.12395994,1.7755548
product134,20221121,3.774385,0.17285463,3.7980762
product134,20221122,3.8876135,0.036838356,4.5732813
product134,20221123,2.592836,0.13483214,2.797341
product135,20221110,0.31172088,0.57132095,-0.6123739
product135,20221111,0.30825707,0.18869029,0.048312567
product135,20221114,0.5982284,1.1703043,-0.9300182
product135,20221115,1.274565,0.18014327,1.3387806
product135,20221116,0.8167975,0.14660038,0.84987986
product135,20221117,0.30478457,0.1165009,0.13873048
product135,20221118,0.56605905,0.11207546,0.62827814
product135,20221121,0.7240631,0.4409961,0.15378164
product135,20221122,1.1594759,0.060954202,1.6822695
product135,20221123,1.2552482,0.11148638,1.5187123
product136,20221110,1.7835286,0.93118906,0.8691257
product136,20221111,1.1565018,0.43444255,0.8169925
product136,20221114,4.7883825,3.3620694,1.3930014
product136,20221115,1.6704881,0.6375428,1.0328463
product136,20221116,0.95741737,0.7612885,0.05430307
product136,20221117,0.7418709,0.53753555,0.08150695
product136,20221118,1.0454433,0.25112247,0.93055236
product136,20221121,4.4718413,0.71031857,3.754125
product136,20221122,1.0675318,0.16406152,1.3121376
product136,20221123,0.60043025,0.18741661,0.6293283
product137,20221110,0.56796503,0.67391884,-0.27339685
product137,20221111,0.7481288,0.17115444,0.8442373
product137,20221114,2.320752,0.9866146,1.248337
product137,20221115,2.2264204,0.2672452,2.1276333
product137,20221116,2.0007517,0.2345417,1.9179033
product137,20221117,1.3843256,0.19829054,1.322854
product137,20221118,1.4901603,0.17367102,1.5074506
product137,20221121,2.0453541,0.28904498,1.8584099
product137,20221122,3.5250964,0.03657003,4.227228
product137,20221123,2.6676984,0.15339628,2.8112855
product138,20221110,0.3800908,0.5789339,-0.46310794
product138,20221111,0.45449674,0.17643803,0.38709575
product138,20221114,1.5030484,1.1197307,0.2605844
product138,20221115,1.3794016,0.20679154,1.3988068
product138,20221116,0.8482074,0.16467018,0.8499772
product138,20221117,0.33900484,0.127924,0.1810666
product138,20221118,0.6842251,0.11590295,0.7938523
product138,20221121,0.81475264,0.43736327,0.28269005
product138,20221122,1.1284685,0.0441462,1.7845519
product138,20221123,1.375195,0.12294907,1.611654
product14,20221110,3.3330142,1.7229146,1.6661279
product14,20221111,1.4706185,0.49861446,1.1561689
product14,20221114,4.437079,2.5232131,2.030245
product14,20221115,5.9270506,0.31354964,5.9444695
product14,20221116,5.1140666,1.0815525,4.2358065
product14,20221117,3.001268,1.7021395,1.578665
product14,20221118,1.5708046,2.9128666,-1.046191
product14,20221121,9.136422,2.9999266,6.1473885
product14,20221122,0.7642424,2.0267155,-1.1932877
product14,20221123,1.8425529,1.2492136,0.7573918
product140,20221110,0.7996261,0.6261873,0.1352929
product140,20221111,1.0207138,0.1980143,1.1325922
product140,20221114,6.291584,2.167048,3.9016304
product140,20221115,2.8984754,0.3377319,2.6454182
product140,20221116,1.8907725,0.3274158,1.603539
product140,20221117,0.91782784,0.22777092,0.72466946
product140,20221118,1.2381732,0.16973136,1.2621703
product140,20221121,2.3651195,0.21932884,2.331459
product140,20221122,2.0981948,0.050147615,2.7734752
product140,20221123,1.12011,0.20085266,1.151505
product141,20221110,0.61120355,0.619169,-0.112963766
product141,20221111,0.75772387,0.17962185,0.8555762
product141,20221114,5.379475,1.9827678,3.2061458
product141,20221115,2.5051281,0.29695165,2.3359356
product141,20221116,1.0045793,0.2500973,0.7831547
product141,20221117,0.2684576,0.15149146,-0.10549112
product141,20221118,0.8076093,0.11965694,0.9079445
product141,20221121,1.9921603,0.13797644,2.173917
product141,20221122,1.5144526,0.07801332,1.9452702
product141,20221123,0.7867874,0.18752128,0.7435207
product142,20221110,0.23580699,0.37476954,-0.55711293
product142,20221111,0.165157,0.28010204,-0.64865464
product142,20221114,0.49026936,1.1329395,-1.1621039
product142,20221115,0.37792724,0.11243103,0.25161847
product142,20221116,0.38471586,0.051424917,0.5287833
product142,20221117,0.19511324,0.042725928,0.11611423
product142,20221118,0.2825441,0.13568309,-0.12424782
product142,20221121,0.33067465,0.32111156,-0.41613856
product142,20221122,1.2035013,0.13239571,1.2745633
product142,20221123,2.32961,0.12637119,2.3875856
product143,20221110,0.5003363,0.56424415,-0.20840277
product143,20221111,0.6873635,0.1749427,0.77142996
product143,20221114,4.936355,1.9625164,2.8043299
product143,20221115,2.0500667,0.286873,1.9080076
product143,20221116,0.89280224,0.21738647,0.7314075
product143,20221117,0.25124952,0.13920116,-0.09713483
product143,20221118,0.66980404,0.11564612,0.74264395
product143,20221121,1.4509325,0.16038495,1.542846
product143,20221122,1.1893097,0.06897281,1.6510131
product143,20221123,0.70581883,0.1648182,0.69893014
product144,20221110,0.40656424,0.55404925,-0.36788094
product144,20221111,0.5574732,0.17155698,0.5793623
product144,20221114,2.4164295,1.3128875,1.0111953
product144,20221115,1.3862505,0.22222704,1.3776712
product144,20221116,0.84561485,0.16562137,0.8506917
product144,20221117,0.3315386,0.12436773,0.1804617
product144,20221118,0.7229862,0.112738855,0.8581017
product144,20221121,0.9255423,0.34266365,0.5708579
product144,20221122,1.0254618,0.04343877,1.6651474
product144,20221123,1.0111814,0.16235532,1.077225
product145,20221110,22.411194,6.4471498,15.383798
product145,20221111,9.551565,3.3932486,6.287629
product145,20221114,28.281242,8.725133,19.813923
product145,20221115,9.557699,2.016065,8.091099
product145,20221116,1.8634624,5.040632,-2.4887512
product145,20221117,2.305898,7.8200803,-4.992344
product145,20221118,0.6165799,0.7947385,-0.28687036
product145,20221121,4.9018383,6.0097737,-0.94537234
product145,20221122,7.5817294,0.69761324,6.7798696
product145,20221123,6.8854427,0.6288886,6.3036966
product146,20221110,10.04444,3.1077423,6.625143
product146,20221111,2.696765,0.7551641,2.017601
product146,20221114,9.681666,4.570479,5.1663966
product146,20221115,1.9771414,0.8948557,1.193692
product146,20221116,1.123392,1.1579071,-0.043291852
product146,20221117,0.49973372,1.5583022,-1.3171837
product146,20221118,1.0916452,0.073441975,1.6923718
product146,20221121,3.0890424,1.2671794,1.8333056
product146,20221122,2.0324056,0.13121134,2.541462
product146,20221123,1.8814517,0.29851753,1.9752922
product147,20221110,0.21281803,0.2973848,-0.4451506
product147,20221111,0.1358033,0.22175632,-0.59059733
product147,20221114,0.13357003,0.9739444,-1.7784742
product147,20221115,0.5314051,0.14152353,0.4725461
product147,20221116,0.51135075,0.1174582,0.48367232
product147,20221117,0.30882642,0.097897485,0.1823569
product147,20221118,0.50051236,0.11694122,0.46474668
product147,20221121,0.5104392,0.49456954,-0.2753001
product147,20221122,1.0456003,0.1501626,1.1348846
product147,20221123,2.5389438,0.10329893,2.768705
product148,20221110,0.42471802,0.56219727,-0.34536123
product148,20221111,0.5655925,0.17329077,0.5890977
product148,20221114,2.4369502,1.2940854,1.0522317
product148,20221115,1.3796568,0.2246856,1.3640934
product148,20221116,0.85598886,0.16559188,0.8635602
product148,20221117,0.33480853,0.1248348,0.18446814
product148,20221118,0.7810811,0.11125197,0.93974316
product148,20221121,0.96500933,0.3133175,0.66883254
product148,20221122,1.0739528,0.04246615,1.7251029
product148,20221123,1.1150281,0.16113073,1.1981469
product149,20221110,0.42853448,0.5699539,-0.3550704
product149,20221111,0.57001036,0.17244637,0.59166265
product149,20221114,2.068638,1.1984158,0.77673846
product149,20221115,1.407394,0.21085493,1.4261947
product149,20221116,0.886586,0.1625753,0.90988404
product149,20221117,0.3597644,0.12341354,0.2392745
product149,20221118,0.71797144,0.11634832,0.8369671
product149,20221121,0.91488636,0.35581768,0.5389013
product149,20221122,1.1845081,0.042694174,1.85535
product149,20221123,1.1743789,0.16017708,1.2714852
product15,20221110,3.4531996,1.4283868,2.0804143
product15,20221111,1.4240972,0.49284598,1.1107304
product15,20221114,4.408263,2.5215611,1.9975471
product15,20221115,5.938389,0.30242103,5.9672756
product15,20221116,5.0181694,0.96670496,4.262513
product15,20221117,2.9650989,1.814707,1.4329362
product15,20221118,1.6702156,3.1020944,-1.1091299
product15,20221121,9.273693,3.365232,5.9411826
product15,20221122,0.851298,1.9824072,-1.0391079
product15,20221123,1.9152375,1.2188803,0.8572264
product150,20221110,0.37232706,0.4906848,-0.36266673
product150,20221111,0.5152781,0.1776601,0.45523944
product150,20221114,0.7322844,0.662806,-0.14409588
product150,20221115,1.4197223,0.20785072,1.41868
product150,20221116,1.0575799,0.16816269,1.076355
product150,20221117,0.645587,0.13527875,0.6349164
product150,20221118,1.1936452,0.16581742,1.2251284
product150,20221121,2.1178024,0.5544312,1.5036094
product150,20221122,3.5792072,0.14764461,3.6443632
product150,20221123,6.7411866,0.019921577,7.292865
product151,20221110,0.2253091,0.47348267,-0.6847646
product151,20221111,0.1911619,0.18602869,-0.2637836
product151,20221114,0.27247488,0.7984191,-1.1192389
product151,20221115,0.5643811,0.16366848,0.48234087
product151,20221116,0.4163156,0.1368498,0.2907762
product151,20221117,0.21934903,0.101877615,-0.009391092
product151,20221118,0.3414472,0.1031068,0.26252925
product151,20221121,0.55372125,0.29349157,0.122124285
product151,20221122,0.6404803,0.1057226,0.7502022
product151,20221123,1.3132732,0.11674236,1.4593325
product152,20221110,0.42210877,0.64357734,-0.58803487
product152,20221111,0.33514386,0.37718144,-0.41326982
product152,20221114,2.0009348,1.1335297,0.60279745
product152,20221115,0.34929106,0.12480807,0.1087693
product152,20221116,0.4965879,0.064181104,0.5726508
product152,20221117,0.33826172,0.043739717,0.3695474
product152,20221118,0.17690498,0.13968603,-0.50687784
product152,20221121,0.383877,0.10750467,0.1536332
product152,20221122,0.7099901,0.033387084,1.1208686
product152,20221123,1.427322,0.0349206,1.8370298
product153,20221110,0.47891274,0.4959494,-0.23492458
product153,20221111,0.29909587,0.18646377,-0.018002719
product153,20221114,0.46055377,0.97034955,-0.9712445
product153,20221115,1.4242163,0.13929659,1.5966265
product153,20221116,1.3208277,0.122462556,1.4916565
product153,20221117,0.6819971,0.11184578,0.7383832
product153,20221118,0.8795507,0.14289501,0.9085037
product153,20221121,1.0827482,0.7441614,0.19827099
product153,20221122,1.5589372,0.18076679,1.6811249
product153,20221123,2.0491495,0.05111472,2.7151518
product155,20221110,0.24127518,0.41164234,-0.5954172
product155,20221111,0.13388133,0.30270934,-0.79307896
product155,20221114,0.29734114,1.240258,-1.6110531
product155,20221115,0.43477455,0.15969758,0.22826733
product155,20221116,0.45834923,0.084939264,0.49448252
product155,20221117,0.22618744,0.053240784,0.16742414
product155,20221118,0.17390767,0.11450519,-0.2923295
product155,20221121,0.565182,0.59531057,-0.3911103
product155,20221122,1.0094576,0.20706216,0.8915316
product155,20221123,2.7349942,0.16905329,2.7212434
product156,20221110,1.1991978,1.3621894,-0.352011
product156,20221111,1.1659201,0.86911505,0.13871692
product156,20221114,5.6010427,3.7849135,1.6904271
product156,20221115,1.8299149,0.90951735,0.843415
product156,20221116,4.428644,0.18355703,4.448271
product156,20221117,4.0918846,0.071079716,4.4274807
product156,20221118,1.3785213,0.20037706,1.2801166
product156,20221121,1.4103713,0.93343157,0.3011576
product156,20221122,2.4416435,0.058163136,3.0789053
product156,20221123,1.5860775,0.42559382,1.2024138
product157,20221110,0.33611035,0.6198963,-0.7055318
product157,20221111,0.15333727,0.31180635,-0.7510491
product157,20221114,0.626055,1.2355615,-1.054163
product157,20221115,0.53727543,0.16522026,0.3500222
product157,20221116,0.4932463,0.07602021,0.5521528
product157,20221117,0.22447942,0.048554853,0.13594966
product157,20221118,0.14246556,0.1158262,-0.4702973
product157,20221121,0.20464376,0.17329669,-0.4181255
product157,20221122,0.68170935,0.071070164,0.8592121
product157,20221123,1.6729113,0.09943175,1.7915046
product16,20221110,7.319898,1.863856,5.3541136
product16,20221111,5.232437,1.5291872,3.8180766
product16,20221114,13.398686,3.831867,9.666227
product16,20221115,9.384901,0.32287842,9.368803
product16,20221116,10.232522,1.9742352,8.3426075
product16,20221117,5.679994,4.108977,2.0683522
product16,20221118,3.3046486,5.6928186,-1.7742984
product16,20221121,10.920189,7.138542,3.990642
product16,20221122,2.8520472,3.6611223,-0.58096
product16,20221123,3.4998813,3.8464308,-0.23703392
product17,20221110,4.4422607,0.95928586,3.5477257
product17,20221111,1.2441007,0.62433016,0.7320842
product17,20221114,5.86122,2.5924335,3.3246202
product17,20221115,5.735494,0.43206435,5.518466
product17,20221116,5.693208,0.82450485,5.060221
product17,20221117,4.3340187,1.8963283,2.7177167
product17,20221118,2.0247352,3.5617025,-1.1059651
product17,20221121,11.464625,3.7120934,7.774065
product17,20221122,1.5101393,1.9781147,-0.22986792
product17,20221123,2.748692,1.1994859,1.725996
product19,20221110,4.249814,2.906777,1.4070985
product19,20221111,1.2913642,0.58638155,0.8450775
product19,20221114,6.462536,3.6020021,3.0308099
product19,20221115,6.653826,0.52542275,6.341384
product19,20221116,5.305804,1.8593225,3.66284
product19,20221117,3.7397232,2.288673,1.743785
product19,20221118,1.5253037,3.3211617,-1.4696779
product19,20221121,10.074927,4.5263205,5.6175222
product19,20221122,1.1668226,2.1483088,-0.8260224
product19,20221123,2.1903474,1.3530298,0.97577685
product2,20221110,6.5996056,2.8252435,3.7528398
product2,20221111,4.641709,1.3137321,3.4061794
product2,20221114,13.358768,3.8651,9.498999
product2,20221115,9.12308,1.4663662,7.709243
product2,20221116,7.780123,1.9893376,6.0020094
product2,20221117,6.419549,3.2541907,3.5230315
product2,20221118,2.6512685,4.939034,-1.71807
product2,20221121,13.458208,7.2253366,6.383984
product2,20221122,2.5945344,3.339974,-0.411993
product2,20221123,4.117383,2.178474,2.0421267
product20,20221110,3.5143182,1.4853795,2.0923193
product20,20221111,1.4505073,0.48983675,1.1497118
product20,20221114,4.877062,2.4615633,2.5059154
product20,20221115,5.86307,0.4476226,5.649948
product20,20221116,5.2342725,1.1382017,4.2962713
product20,20221117,3.542626,1.7611203,2.056641
product20,20221118,2.0007122,2.9269135,-0.6000033
product20,20221121,9.237512,3.1588378,6.106098
product20,20221122,1.612709,1.9044753,-0.090327546
product20,20221123,3.063267,1.1987084,2.0182424
product24,20221110,7.3372946,11.467203,-3.7780762
product24,20221111,2.887447,4.7600813,-1.7427077
product24,20221114,14.605871,16.838818,-1.8495693
product24,20221115,5.4427032,4.866346,0.5238205
product24,20221116,8.170678,4.3969707,3.4572432
product24,20221117,6.1198473,5.115863,0.97132206
product24,20221118,0.73866516,5.425673,-4.6043053
product24,20221121,8.54628,9.108052,-0.45443872
product24,20221122,3.7857146,4.1109376,-0.28191233
product24,20221123,3.814261,3.189663,0.57355213
product26,20221110,3.2406948,5.421982,-1.9135354
product26,20221111,0.70606786,1.1052655,-0.5050888
product26,20221114,5.6927867,5.4440584,0.5869029
product26,20221115,8.701803,1.897393,6.7354565
product26,20221116,5.035885,1.9525121,3.2708173
product26,20221117,2.9084685,3.479636,-0.1942903
product26,20221118,1.8533803,3.1612666,-0.95518583
product26,20221121,9.921418,2.3278947,7.54012
product26,20221122,0.41542494,2.396838,-2.0588434
product26,20221123,1.374029,1.4426678,0.09275073
product27,20221110,3.5536356,0.4165767,3.3920903
product27,20221111,1.1657587,0.55788696,0.7011808
product27,20221114,2.8525,1.8172749,1.0793927
product27,20221115,5.0636272,0.8010458,4.241703
product27,20221116,3.8523355,0.42700526,3.6503417
product27,20221117,2.9541638,1.0667708,2.1289558
product27,20221118,2.3296657,2.8874774,-0.18546467
product27,20221121,8.308622,1.0166268,7.386378
product27,20221122,0.60654587,1.8913784,-1.2382667
product27,20221123,1.1647445,1.1991569,0.13710849
product28,20221110,3.5196269,1.4307001,2.1391635
product28,20221111,1.4527793,0.5199002,1.1028495
product28,20221114,4.5815506,2.6318197,2.0692735
product28,20221115,6.0164175,0.30391628,6.040868
product28,20221116,5.174119,1.0205445,4.3570204
product28,20221117,3.0817106,1.7916243,1.5760143
product28,20221118,1.4776291,3.0510302,-1.2630371
product28,20221121,9.303469,3.297398,6.0326757
product28,20221122,0.8318913,2.0046625,-1.0834124
product28,20221123,1.8671885,1.2073814,0.8229518
product29,20221110,8.362614,1.9335128,6.3161154
product29,20221111,5.134717,1.3471571,3.9103034
product29,20221114,13.4681225,3.8693607,9.705187
product29,20221115,9.036993,1.309407,7.850688
product29,20221116,9.095876,2.7043238,6.6451864
product29,20221117,7.9229016,5.2634134,3.1246428
product29,20221118,2.890651,6.4364676,-2.8942232
product29,20221121,11.642638,9.226725,2.6861205
product29,20221122,4.6919436,4.302589,0.6160655
product29,20221123,5.0524187,3.0348856,2.0574963
product3,20221110,3.2211006,1.318203,1.9769065
product3,20221111,1.3719201,0.48054343,1.0750792
product3,20221114,4.2682424,2.182199,2.1790743
product3,20221115,5.5100203,0.304378,5.5435553
product3,20221116,4.61388,1.002516,3.8214417
product3,20221117,2.9368134,1.6048651,1.5943925
product3,20221118,1.8631908,2.6967359,-0.54883665
product3,20221121,8.717047,2.731024,5.989789
product3,20221122,1.1733977,1.8351068,-0.51575875
product3,20221123,2.5619462,1.1979429,1.5279036
product30,20221110,3.462666,1.6461673,1.8665988
product30,20221111,1.3381137,0.49292076,1.0180112
product30,20221114,4.236949,2.4643102,1.8911328
product30,20221115,6.052874,0.26257703,6.1564794
product30,20221116,5.0347795,1.0158434,4.2241077
product30,20221117,2.989171,1.7147143,1.5547047
product30,20221118,1.3986155,2.789387,-1.1165473
product30,20221121,9.0044565,2.8945208,6.11672
product30,20221122,0.82881457,1.9477999,-1.0360978
product30,20221123,1.8373401,1.154065,0.8502695
product31,20221110,5.3632245,0.8031882,4.607581
product31,20221111,1.2947899,0.6944756,0.7051449
product31,20221114,6.572469,2.2936406,4.258771
product31,20221115,6.534053,0.65382206,5.9639807
product31,20221116,6.7004404,1.1330397,5.690708
product31,20221117,5.5047007,2.6292684,3.1522312
product31,20221118,3.1567914,4.9308157,-1.2320023
product31,20221121,12.387156,5.7295384,6.8093977
product31,20221122,2.1500874,2.587792,-0.15368824
product31,20221123,3.773831,1.9377413,1.9359118
product32,20221110,7.1956396,3.1580994,3.9360685
product32,20221111,5.931335,1.0982074,4.763239
product32,20221114,11.232592,7.1244645,4.4343214
product32,20221115,6.930269,3.4005315,3.774922
product32,20221116,5.606865,2.3455758,3.4452002
product32,20221117,3.1165385,1.3597459,1.9350584
product32,20221118,2.1586213,0.9785205,1.28159
product32,20221121,3.314835,4.0196285,-0.39032352
product32,20221122,3.2042713,0.43129677,3.203785
product32,20221123,2.4658003,1.8103582,0.95715755
product33,20221110,4.1456823,2.3691711,1.8150623
product33,20221111,1.4164999,0.5614825,1.0058259
product33,20221114,7.725435,2.6550667,5.0576353
product33,20221115,7.082537,0.5633309,6.667737
product33,20221116,5.3101077,2.169579,3.3681154
product33,20221117,3.3965623,2.1917477,1.5024529
product33,20221118,1.652688,3.067886,-1.110405
product33,20221121,9.748044,3.5984707,6.1597867
product33,20221122,0.8309365,2.1240861,-1.2110076
product33,20221123,2.002618,1.3366327,0.8141941
product34,20221110,9.633307,1.4173989,7.9814835
product34,20221111,1.2720014,1.5118493,-0.18139978
product34,20221114,15.274857,3.0604937,12.065935
product34,20221115,12.204726,1.8769577,10.296011
product34,20221116,7.9199095,1.8236182,6.343812
product34,20221117,9.715358,3.2097523,6.641176
product34,20221118,0.85668063,5.1175737,-3.8887749
product34,20221121,10.592115,7.815602,2.9352274
product34,20221122,4.915447,4.000253,1.0637679
product34,20221123,4.43737,2.4686913,1.9610763
product35,20221110,3.2643812,1.3147864,2.0182528
product35,20221111,1.3459027,0.4910891,1.0270873
product35,20221114,4.0830846,2.2910433,1.8984044
product35,20221115,5.8278418,0.24529384,5.972514
product35,20221116,4.9032016,0.9562813,4.15565
product35,20221117,2.8348227,1.6545131,1.4552625
product35,20221118,1.5298376,2.748113,-0.9410295
product35,20221121,8.869933,2.7587445,6.109441
product35,20221122,0.8923814,1.8874665,-0.9019971
product35,20221123,1.756149,1.140905,0.7807442
product37,20221110,11.221714,6.9264317,4.3612776
product37,20221111,6.7658243,1.8550733,4.92049
product37,20221114,17.522549,7.8676863,9.93214
product37,20221115,7.9793186,1.3721802,6.648323
product37,20221116,9.053465,5.8683543,3.4204059
product37,20221117,7.288358,5.423205,2.0030355
product37,20221118,2.4242792,5.20325,-2.453627
product37,20221121,10.896337,9.018964,1.9356406
product37,20221122,5.8510923,3.568412,2.2397213
product37,20221123,6.456679,2.7845562,3.5086865
product38,20221110,1.9474138,2.6870508,-0.63330364
product38,20221111,0.7130204,0.6693076,0.116127715
product38,20221114,6.4497504,2.0528646,4.4881153
product38,20221115,3.2124624,0.44586265,3.1978695
product38,20221116,4.4037457,2.514117,2.1113012
product38,20221117,2.747241,1.6907206,1.2462491
product38,20221118,1.0129337,2.9456613,-1.7819272
product38,20221121,5.4290543,1.9257853,3.563214
product38,20221122,1.1524502,1.5414569,-0.30518168
product38,20221123,1.3340113,1.2466092,0.17651428
product39,20221110,3.2310088,1.2735631,2.0272737
product39,20221111,1.3633846,0.47300762,1.0742633
product39,20221114,4.202757,2.319889,1.9868124
product39,20221115,5.772398,0.2534319,5.9045672
product39,20221116,5.061022,0.9642173,4.30486
product39,20221117,2.913235,1.6923232,1.5029504
product39,20221118,1.4933878,2.9252865,-1.1341807
product39,20221121,8.97929,2.8888838,6.1049337
product39,20221122,0.74934864,1.9847015,-1.172111
product39,20221123,1.7725608,1.2208982,0.7152605
product40,20221110,5.187443,2.437098,2.7639494
product40,20221111,2.4186027,0.83164275,1.7290452
product40,20221114,8.399169,3.5104098,4.9655237
product40,20221115,7.0040097,0.7933334,6.331482
product40,20221116,6.969085,2.2773495,4.89882
product40,20221117,4.9797707,2.1548042,3.125401
product40,20221118,2.2972608,3.2873292,-0.6203582
product40,20221121,10.774803,4.3770843,6.45672
product40,20221122,1.5891019,2.5883987,-0.7303284
product40,20221123,3.5421853,2.1082814,1.6035255
product41,20221110,3.4967241,1.1860236,2.3799844
product41,20221111,1.3455973,0.5012214,1.011823
product41,20221114,4.485182,2.47267,2.1143222
product41,20221115,5.8561177,0.31798998,5.85496
product41,20221116,5.253074,1.0552378,4.396488
product41,20221117,3.1799934,1.779934,1.6895349
product41,20221118,1.7003288,3.0402856,-1.0108206
product41,20221121,9.469501,3.2774363,6.2207355
product41,20221122,0.9136739,2.0492601,-1.0159082
product41,20221123,2.1029177,1.3238673,0.94417965
product42,20221110,2.852941,3.4563084,-0.44927955
product42,20221111,1.2981013,0.62549675,0.801968
product42,20221114,5.3451943,4.1100736,1.5020556
product42,20221115,6.2348237,0.47612792,6.0237713
product42,20221116,4.688885,1.2861575,3.6239662
product42,20221117,3.1537757,1.6351659,1.7796476
product42,20221118,1.264252,3.0700397,-1.5511189
product42,20221121,8.868246,3.853305,5.0711517
product42,20221122,0.6637856,1.9631284,-1.2804676
product42,20221123,1.6470501,1.2522072,0.54189783
product43,20221110,3.3011427,2.5327613,0.8592988
product43,20221111,1.2171708,0.47710848,0.9174808
product43,20221114,5.17764,3.3319356,2.011863
product43,20221115,6.6441727,0.5594132,6.269783
product43,20221116,5.1691732,1.7777315,3.606635
product43,20221117,3.4625456,2.1854725,1.5709507
product43,20221118,1.8761134,3.2973182,-1.0790112
product43,20221121,9.602132,4.1502624,5.5286136
product43,20221122,1.2864572,2.0704432,-0.609587
product43,20221123,2.298508,1.2932763,1.155212
product45,20221110,4.962473,0.5786789,4.5135765
product45,20221111,1.4641902,0.7540392,0.8192289
product45,20221114,7.5652876,2.4761496,5.0634356
product45,20221115,6.672396,0.7206644,5.995265
product45,20221116,6.021589,1.3265809,4.818572
product45,20221117,5.2797546,2.185753,3.3381371
product45,20221118,3.0253618,4.573699,-1.0199487
product45,20221121,12.346864,4.6271033,7.828219
product45,20221122,2.323821,1.8087033,0.8171204
product45,20221123,3.5838628,1.0723952,2.680017
product46,20221110,3.326633,2.0249975,1.3637333
product46,20221111,1.4141107,0.5658081,0.99433374
product46,20221114,5.038172,3.0877883,2.0856376
product46,20221115,6.2000966,0.5813018,5.791173
product46,20221116,5.0600023,1.493309,3.7608266
product46,20221117,3.366872,2.0640004,1.5830214
product46,20221118,2.2896476,3.3696897,-0.72578037
product46,20221121,10.020293,4.5557466,5.5589004
product46,20221122,1.0035584,2.1617396,-1.0188345
product46,20221123,2.582911,1.5395128,1.1865094
product47,20221110,3.3370352,1.031162,2.391862
product47,20221111,1.3322483,0.48580736,1.0144202
product47,20221114,4.01357,2.1655924,1.933454
product47,20221115,5.826752,0.26031852,5.9244003
product47,20221116,5.0312796,0.8030191,4.453081
product47,20221117,2.9303474,1.7158287,1.5005065
product47,20221118,1.5715308,2.939011,-1.0520858
product47,20221121,9.052802,2.768904,6.2972403
product47,20221122,0.72747093,1.9871422,-1.1990787
product47,20221123,1.745805,1.2045954,0.70950687
product48,20221110,4.253404,7.19641,-2.6002212
product48,20221111,1.5862105,2.0196667,-0.38019907
product48,20221114,9.709384,7.100261,2.785737
product48,20221115,6.725702,2.1606412,4.5654383
product48,20221116,6.170062,3.9826994,2.3767524
product48,20221117,4.363634,3.0323277,1.5215284
product48,20221118,1.563983,4.304548,-2.4218562
product48,20221121,10.229436,6.793484,3.5548978
product48,20221122,1.6460717,2.4517696,-0.65685594
product48,20221123,2.5734472,1.8063483,0.83692765
product49,20221110,9.05949,4.3496647,4.7037
product49,20221111,5.2772455,1.4752051,3.8831744
product49,20221114,12.530853,4.9239535,7.78149
product49,20221115,8.364227,0.8943959,7.5671244
product49,20221116,8.276226,3.6473856,4.8531923
product49,20221117,5.339827,4.3800917,1.340399
product49,20221118,2.450747,5.3307133,-2.3762205
product49,20221121,10.201974,8.248792,2.1910858
product49,20221122,1.1273512,3.0157897,-1.7395065
product49,20221123,2.4432225,3.0862517,-0.4720794
product50,20221110,7.841601,11.097021,-2.9601395
product50,20221111,3.3899832,5.2008896,-1.7030728
product50,20221114,13.748895,13.484526,0.15702425
product50,20221115,6.7119064,5.441887,1.089954
product50,20221116,8.715029,5.6129556,2.8244302
product50,20221117,6.791387,5.1393366,1.5802672
product50,20221118,0.9931514,5.7294536,-4.546409
product50,20221121,11.999546,9.342277,2.652369
product50,20221122,3.5072691,3.9209857,-0.33500892
product50,20221123,5.174606,3.4668293,1.6002576
product51,20221110,5.5377545,4.630135,1.0284574
product51,20221111,1.7585583,0.9277824,0.9291797
product51,20221114,5.10112,3.9997528,1.3561242
product51,20221115,6.0759916,0.9962688,5.1664376
product51,20221116,4.1818585,1.2400436,3.1771793
product51,20221117,3.8750544,1.9684279,2.173054
product51,20221118,3.7540655,3.7708466,0.3810481
product51,20221121,10.081463,3.7069995,6.460188
product51,20221122,1.4869778,2.33731,-0.6008333
product51,20221123,2.9779954,1.5675018,1.5879253
product52,20221110,3.3169603,1.4325641,1.9444883
product52,20221111,1.3784508,0.50554144,1.0402696
product52,20221114,4.129295,2.236963,1.9941443
product52,20221115,6.028399,0.23383826,6.1912565
product52,20221116,4.9520235,0.9671005,4.1896687
product52,20221117,2.809004,1.70582,1.378252
product52,20221118,1.5496104,2.7834237,-0.9547672
product52,20221121,8.893955,2.8740227,6.021245
product52,20221122,0.91293263,1.895575,-0.8876666
product52,20221123,1.7265842,1.1304935,0.75800574
product53,20221110,4.269966,1.3862038,2.9028797
product53,20221111,1.4349579,0.55985814,1.02885
product53,20221114,5.512526,2.6135368,2.9754457
product53,20221115,6.562845,0.32652196,6.5153923
product53,20221116,5.37672,1.2817284,4.271207
product53,20221117,3.3594885,2.082307,1.568955
product53,20221118,1.9978954,3.3021033,-0.9461157
product53,20221121,10.246507,4.2297983,6.079649
product53,20221122,1.2375499,2.1486151,-0.7443585
product53,20221123,2.265988,1.2944344,1.109763
product54,20221110,3.6836865,1.2839894,2.458493
product54,20221111,1.5557503,0.5094628,1.2314569
product54,20221114,5.1005025,2.4544766,2.7117069
product54,20221115,5.7901115,0.39969185,5.642057
product54,20221116,5.19493,1.3032078,4.073837
product54,20221117,3.3178186,1.854366,1.7432625
product54,20221118,1.7811332,2.8638086,-0.7721012
product54,20221121,9.162054,3.2189245,5.971535
product54,20221122,1.1395059,1.9659213,-0.66921437
product54,20221123,2.601413,1.3554754,1.4087341
product55,20221110,3.6975007,0.9187821,2.86909
product55,20221111,1.2878499,0.5358952,0.89023393
product55,20221114,4.381804,2.4676461,2.013463
product55,20221115,4.6078386,0.46981698,4.364685
product55,20221116,4.367018,0.830875,3.760355
product55,20221117,3.210987,1.5328902,1.9546123
product55,20221118,2.089835,3.2625272,-0.7922499
product55,20221121,9.679347,2.6428971,7.044363
product55,20221122,1.4253758,1.7659882,-0.12268369
product55,20221123,2.8949354,1.0928218,1.9959356
product56,20221110,2.1353922,0.68224686,1.5409393
product56,20221111,2.1731832,0.30774483,2.109648
product56,20221114,3.426407,2.4705095,0.94275814
product56,20221115,2.080185,0.6000134,1.5394092
product56,20221116,1.9303945,0.49792564,1.5110927
product56,20221117,1.6106498,0.27348417,1.5582368
product56,20221118,1.431287,0.27362937,1.3481164
product56,20221121,3.8391488,0.11431179,4.2701597
product56,20221122,0.8333986,0.0860094,1.2754568
product56,20221123,0.8893968,0.14997733,1.132919
product57,20221110,7.6481223,0.8229823,6.7403197
product57,20221111,1.6208987,1.152541,0.55068827
product57,20221114,10.900321,2.3487804,8.4226265
product57,20221115,7.469923,0.38310215,7.338347
product57,20221116,5.4155703,2.4192762,3.2122736
product57,20221117,3.1661685,2.8709965,0.59831107
product57,20221118,0.61387396,3.4999058,-2.7587392
product57,20221121,8.090606,4.9726295,3.2308145
product57,20221122,1.5429552,2.5095448,-0.811441
product57,20221123,2.0814493,1.8696905,0.31862462
product58,20221110,2.1620982,2.877558,-0.57186186
product58,20221111,0.73832226,0.929851,-0.20000593
product58,20221114,5.693153,3.7244034,2.258997
product58,20221115,4.479305,0.5902884,4.2588153
product58,20221116,4.7839627,2.0538433,2.9643078
product58,20221117,3.2008739,1.7108049,1.7143247
product58,20221118,1.3872033,3.4120286,-1.7503504
product58,20221121,8.769557,3.7801814,5.0300765
product58,20221122,1.1025017,2.0306418,-0.8102462
product58,20221123,1.7766471,1.3426654,0.5602881
product59,20221110,10.262388,8.639642,1.787823
product59,20221111,5.4724874,0.92366993,4.5627337
product59,20221114,19.72894,9.618319,10.263497
product59,20221115,6.172445,2.7038922,3.4885592
product59,20221116,6.9718823,6.424587,0.74148226
product59,20221117,4.583561,4.7642055,-0.063859984
product59,20221118,0.90496665,3.6720085,-2.6951094
product59,20221121,7.8105974,8.356001,-0.35536897
product59,20221122,2.3519614,3.0143278,-0.5628574
product59,20221123,2.6012623,2.4371731,0.20276065
product6,20221110,4.31666,5.4438705,-0.88104475
product6,20221111,1.2861784,1.0060687,0.33795696
product6,20221114,6.75239,5.0219893,2.045682
product6,20221115,7.3696833,1.1222258,6.3565893
product6,20221116,5.162184,1.8795652,3.5033622
product6,20221117,4.142528,2.4640462,1.9408541
product6,20221118,1.4232194,3.7888134,-2.0287247
product6,20221121,10.656638,5.3228345,5.4122224
product6,20221122,1.0743793,2.3648646,-1.1490846
product6,20221123,2.220355,1.4916288,0.85335493
product60,20221110,4.107688,0.556813,3.7203429
product60,20221111,1.6004239,0.6499776,1.0777946
product60,20221114,6.346989,2.3214297,4.0039597
product60,20221115,6.9200115,1.2815511,5.567663
product60,20221116,5.8707495,1.5400283,4.443116
product60,20221117,4.7781434,2.0802743,2.9647317
product60,20221118,3.6361117,4.544564,-0.3787527
product60,20221121,11.569368,3.5342953,8.126301
product60,20221122,2.717121,1.6368335,1.407021
product60,20221123,4.885958,0.95163774,4.1043377
product61,20221110,7.5576754,2.2355604,5.2303133
product61,20221111,4.505757,1.4106501,3.1884952
product61,20221114,12.10467,4.222018,7.975642
product61,20221115,8.111987,1.3443046,6.831985
product61,20221116,7.026141,1.9246377,5.30474
product61,20221117,5.7127647,3.0422525,3.0147686
product61,20221118,3.8422573,5.685746,-1.2415855
product61,20221121,13.525854,7.516306,6.157071
product61,20221122,3.1348498,2.9821804,0.42418596
product61,20221123,4.075862,2.0035422,2.1526914
product62,20221110,7.2128534,4.0468807,3.1954482
product62,20221111,5.764001,2.2914414,3.5760446
product62,20221114,19.846697,5.338863,14.448986
product62,20221115,6.1322966,1.209808,5.1666527
product62,20221116,6.4923863,3.0395274,3.7037728
product62,20221117,3.3599627,3.7391512,-0.020909443
product62,20221118,1.1326135,4.5874867,-3.1403942
product62,20221121,5.524879,7.893286,-1.9865448
product62,20221122,2.3943856,2.3577912,0.15156353
product62,20221123,2.8030791,2.6089592,0.27517116
product63,20221110,3.5394816,1.1027792,2.514585
product63,20221111,1.4186983,0.51897264,1.0693102
product63,20221114,4.3829827,2.2962964,2.1808167
product63,20221115,6.2292137,0.28711492,6.2741985
product63,20221116,5.2669754,0.9882579,4.4753046
product63,20221117,3.1082492,1.764351,1.6165414
product63,20221118,1.7492449,3.0755022,-1.0048454
product63,20221121,9.642382,3.3402898,6.3162217
product63,20221122,1.0922217,2.019228,-0.78576076
product63,20221123,2.1087265,1.2042112,1.0629187
product64,20221110,5.522588,0.8896943,4.657317
product64,20221111,2.9696443,0.7418458,2.414422
product64,20221114,14.388315,2.2221715,11.992787
product64,20221115,8.533207,0.7153188,7.901293
product64,20221116,4.5584974,0.81129384,4.0093226
product64,20221117,5.001906,1.2235626,3.9949348
product64,20221118,1.3882341,3.6454613,-1.8717966
product64,20221121,10.056062,3.5588417,6.552906
product64,20221122,3.3355684,1.9554296,1.6231191
product64,20221123,3.1547585,1.2093881,2.0904925
product65,20221110,4.1207156,1.1743631,3.0021176
product65,20221111,1.3034906,0.5386641,0.91808516
product65,20221114,6.0421586,2.0445142,4.016439
product65,20221115,7.0900893,0.2727294,7.1256294
product65,20221116,6.2833314,0.7009683,5.7998943
product65,20221117,3.933796,1.6447303,2.5629306
product65,20221118,0.98464894,3.224982,-1.9721892
product65,20221121,9.769987,2.469727,7.2646475
product65,20221122,0.9559051,2.0619798,-0.9822867
product65,20221123,2.0424888,1.092371,1.1263646
product66,20221110,3.6852837,0.67929107,3.1499867
product66,20221111,1.2236571,0.5531953,0.78978264
product66,20221114,4.286765,2.518691,1.8726772
product66,20221115,4.535311,0.44627246,4.321786
product66,20221116,4.2399764,0.90294266,3.5426593
product66,20221117,2.9719644,1.6444837,1.60475
product66,20221118,2.3160377,3.2719512,-0.57978797
product66,20221121,10.468277,2.8018322,7.658073
product66,20221122,1.4111515,1.5287617,0.10774697
product66,20221123,2.9280996,0.743781,2.4213219
product67,20221110,9.573136,2.80224,6.65987
product67,20221111,6.871172,1.7507706,5.181038
product67,20221114,16.074541,4.688081,11.505917
product67,20221115,9.175865,0.9923064,8.401622
product67,20221116,9.492092,3.8027084,6.0300655
product67,20221117,7.750726,4.7383246,3.396521
product67,20221118,2.4078252,5.6127214,-2.6543372
product67,20221121,13.359089,7.814716,5.6592107
product67,20221122,3.300198,4.04162,-0.4533559
product67,20221123,3.775088,2.5487218,1.2859046
product68,20221110,2.9455543,6.576236,-3.2693481
product68,20221111,1.0301974,1.733479,-0.70121133
product68,20221114,8.221121,6.014232,2.5107095
product68,20221115,5.901469,1.5346563,4.478009
product68,20221116,5.367441,2.6057713,2.9152992
product68,20221117,3.6943111,2.546052,1.3441026
product68,20221118,1.3013321,4.06035,-2.4746137
product68,20221121,10.130242,5.7145724,4.508633
product68,20221122,1.6166767,2.3250685,-0.54590666
product68,20221123,2.566914,1.5944432,1.0637292
product70,20221110,3.66904,1.0866587,2.652721
product70,20221111,1.317971,0.49233013,0.9953402
product70,20221114,4.1015043,2.315588,1.8876865
product70,20221115,5.702938,0.25605664,5.822324
product70,20221116,5.0211606,0.9335641,4.293791
product70,20221117,3.0687244,1.7306422,1.6152451
product70,20221118,1.6408772,2.8733964,-0.92496514
product70,20221121,9.395193,2.9257483,6.472166
product70,20221122,0.85856146,1.977359,-1.0213438
product70,20221123,1.9848665,1.1931623,0.96109205
product71,20221110,3.3844395,0.48109373,3.124426
product71,20221111,1.2549186,0.56060696,0.80333257
product71,20221114,2.7911553,2.011038,0.83311653
product71,20221115,5.220896,0.96378636,4.199959
product71,20221116,3.7742097,0.53909755,3.3365996
product71,20221117,2.2906659,0.8503836,1.6162925
product71,20221118,2.1042478,1.6239072,0.68573475
product71,20221121,6.83387,0.32689375,6.872642
product71,20221122,1.0703274,1.578059,-0.33441478
product71,20221123,0.8961704,1.2877054,-0.26431227
product72,20221110,4.3968368,0.5672339,3.952354
product72,20221111,1.4151111,0.23453858,1.5414861
product72,20221114,4.2331405,0.99554896,3.279883
product72,20221115,4.1514378,0.5505931,3.721233
product72,20221116,4.4436345,0.33236152,4.302106
product72,20221117,4.510639,0.38516623,4.2748823
product72,20221118,2.5176513,0.76000226,1.8503296
product72,20221121,10.235149,0.16111246,10.403274
product72,20221122,2.6804194,1.7266328,1.1477716
product72,20221123,3.4746616,0.7109277,3.034398
product73,20221110,3.0504253,1.5034065,1.6106653
product73,20221111,1.4396062,0.4588952,1.1770353
product73,20221114,4.3289213,2.349762,2.076308
product73,20221115,5.86816,0.25075555,6.0014095
product73,20221116,4.9580183,1.0454011,4.11315
product73,20221117,2.8419487,1.6726978,1.4447751
product73,20221118,1.5912807,2.9028313,-1.017435
product73,20221121,9.033063,3.00787,6.0408936
product73,20221122,0.7508458,1.9777542,-1.164546
product73,20221123,1.904168,1.2242948,0.84549105
product75,20221110,8.033159,2.4313326,5.4602504
product75,20221111,1.3758075,1.1831216,0.23306589
product75,20221114,12.367121,4.4919066,7.8184514
product75,20221115,8.721631,2.0434432,6.661227
product75,20221116,5.1639547,3.1566706,2.3300319
product75,20221117,5.748574,4.515018,1.5903958
product75,20221118,1.9087183,4.782921,-2.4049525
product75,20221121,9.925315,6.783463,3.3060732
product75,20221122,2.718159,2.824913,0.068119004
product75,20221123,2.990494,2.1960995,0.86652195
product76,20221110,3.2969606,1.5106593,1.846092
product76,20221111,1.3308998,0.48023272,1.0281434
product76,20221114,4.3076043,2.6707423,1.7711251
product76,20221115,5.916776,0.28372392,5.990102
product76,20221116,4.8579574,1.093481,3.9732661
product76,20221117,2.989443,1.7739882,1.4975703
product76,20221118,1.5634516,2.8804421,-1.0242664
product76,20221121,9.016401,3.1953294,5.8431034
product76,20221122,0.9361694,1.9243305,-0.8809575
product76,20221123,1.8448461,1.176842,0.8302976
product78,20221110,4.0012603,0.7986789,3.308498
product78,20221111,2.4212928,0.5347094,2.1055727
product78,20221114,7.218682,2.0670938,5.1261325
product78,20221115,8.575537,1.2321262,7.2303147
product78,20221116,6.305106,1.0330491,5.366357
product78,20221117,4.8587127,2.1022596,3.0018942
product78,20221118,3.0488167,3.6759865,-0.16778962
product78,20221121,11.257925,3.3317404,8.012861
product78,20221122,1.4723603,1.7734213,-0.038457617
product78,20221123,2.3809662,1.0231402,1.562772
product79,20221110,2.8165874,4.4966197,-1.4907455
product79,20221111,1.9681787,2.0820658,-0.110193565
product79,20221114,8.352982,8.504507,-0.0017078072
product79,20221115,5.4477396,2.936275,2.447657
product79,20221116,4.854055,5.2369823,-0.14228116
product79,20221117,3.7053592,4.612237,-0.62430596
product79,20221118,1.7915387,4.517911,-2.372695
product79,20221121,10.4957,5.327918,5.1244063
product79,20221122,0.96112597,2.0196564,-1.0088397
product79,20221123,1.93867,1.248861,0.79962504
product8,20221110,3.2938035,1.1607828,2.2085738
product8,20221111,1.3393732,0.4807864,1.03333
product8,20221114,4.178769,2.2826757,1.9930519
product8,20221115,5.8162994,0.24460073,5.958885
product8,20221116,5.1383924,0.9273057,4.4169607
product8,20221117,2.9418797,1.7059047,1.5191112
product8,20221118,1.4631544,2.9623773,-1.1978152
product8,20221121,9.085484,2.9292545,6.170795
product8,20221122,0.73164433,2.0028627,-1.212106
product8,20221123,1.7856448,1.2281424,0.72172165
product80,20221110,2.3321252,2.9883785,-0.54819393
product80,20221111,0.86958843,1.0796881,-0.24456705
product80,20221114,5.109479,6.126432,-0.6529634
product80,20221115,4.4652867,1.5932027,2.9662652
product80,20221116,4.8282113,3.8182583,1.2584578
product80,20221117,3.218587,5.030946,-1.3708277
product80,20221118,2.3579729,2.8814414,-0.22683658
product80,20221121,6.905081,0.42703265,6.686517
product80,20221122,0.82732606,1.7582519,-0.8943802
product80,20221123,1.1840914,1.2033588,0.1089945
product81,20221110,2.9749105,0.61562186,2.5326695
product81,20221111,1.3107946,0.5647771,0.8616652
product81,20221114,2.5071142,2.0593557,0.5031233
product81,20221115,5.14288,0.9494448,4.145487
product81,20221116,4.4859185,0.48859572,4.0505505
product81,20221117,2.4354362,0.7986711,1.7320538
product81,20221118,2.0645325,1.0735961,1.1089334
product81,20221121,6.2881474,0.14069225,6.717312
product81,20221122,1.2929193,1.284811,0.17429633
product81,20221123,0.8101487,1.1371248,-0.22995731
product82,20221110,3.7909167,7.54619,-3.399458
product82,20221111,2.3191922,2.1312041,0.14133875
product82,20221114,10.189166,6.511044,3.6202497
product82,20221115,5.848377,4.4655595,1.4054427
product82,20221116,7.6601863,4.9536977,2.6565318
product82,20221117,5.449505,5.153826,0.40486273
product82,20221118,3.476531,5.8931184,-2.0162694
product82,20221121,13.415538,6.411516,6.97223
product82,20221122,1.6206805,2.7752216,-0.95325565
product82,20221123,4.7316093,1.7429795,2.9984343
product83,20221110,1.6664883,2.0163112,-0.27768248
product83,20221111,0.733158,0.8877279,-0.2325443
product83,20221114,3.23655,7.001438,-3.2390366
product83,20221115,4.450575,2.249791,2.3343225
product83,20221116,3.1866212,2.2410026,1.1895453
product83,20221117,2.9643817,2.4664478,0.8225392
product83,20221118,2.7041466,2.4854646,0.5128398
product83,20221121,5.8335276,0.33477417,5.8523407
product83,20221122,1.0546074,1.3745309,-0.21480758
product83,20221123,1.0654767,1.2501435,-0.07014911
product84,20221110,2.6997035,0.72645736,2.1169503
product84,20221111,1.3681841,0.550229,0.9460732
product84,20221114,2.3903904,2.0826416,0.36008644
product84,20221115,4.868636,0.9274378,3.9063778
product84,20221116,4.465736,0.47508624,4.04055
product84,20221117,2.3997424,0.6400901,1.8497348
product84,20221118,2.1182303,0.8987009,1.3073559
product84,20221121,5.0246024,0.088283435,5.6802783
product84,20221122,1.4991379,1.0188967,0.65939283
product84,20221123,0.5641134,1.1563458,-0.59828186
product85,20221110,4.2586308,1.4288801,2.8456879
product85,20221111,2.143304,0.87436986,1.3751944
product85,20221114,5.847284,2.7681434,3.129294
product85,20221115,7.328491,1.755358,5.5061827
product85,20221116,6.8659143,0.71342885,6.1565495
product85,20221117,4.548982,1.7437646,2.951367
product85,20221118,3.1132486,2.3372014,1.0663553
product85,20221121,8.975876,0.7575632,8.331619
product85,20221122,1.5628623,2.0014174,-0.15224813
product85,20221123,2.4289734,1.551468,1.1181659
product86,20221110,7.1808186,7.8545685,-0.33698615
product86,20221111,8.452383,2.2851703,5.9232016
product86,20221114,24.867386,10.630621,14.259871
product86,20221115,8.031847,3.4797156,4.748316
product86,20221116,7.781711,9.391678,-0.8591319
product86,20221117,9.617299,7.8550367,2.1486578
product86,20221118,1.5629631,3.7543032,-1.9691675
product86,20221121,14.050855,11.365065,2.9127684
product86,20221122,3.0527475,1.338383,1.7303944
product86,20221123,5.8974648,1.2515037,4.3735847
product87,20221110,2.639131,6.220022,-3.261599
product87,20221111,4.606931,1.2858591,3.297972
product87,20221114,18.001148,5.544015,12.322512
product87,20221115,7.315525,1.3489418,5.9371843
product87,20221116,3.2496495,2.4361475,0.8411481
product87,20221117,2.604008,10.356522,-7.1903343
product87,20221118,3.584988,2.243182,1.221967
product87,20221121,4.471991,0.5131434,3.8827438
product87,20221122,1.4069453,0.4141221,1.1151729
product87,20221123,2.7341707,1.3576465,1.3337908
product88,20221110,3.6409662,0.86647767,2.8508267
product88,20221111,2.934227,0.42663884,2.7349205
product88,20221114,4.6339216,2.0631025,2.5931063
product88,20221115,4.299768,0.87114346,3.454575
product88,20221116,4.570365,0.6538244,3.9265287
product88,20221117,4.054808,0.43128145,3.7043962
product88,20221118,2.1849666,0.8801228,1.3212438
product88,20221121,6.775091,0.18494968,6.9524984
product88,20221122,1.5529556,0.6502502,1.0921637
product88,20221123,2.7735286,1.0270954,1.964185
product89,20221110,4.47752,0.9308608,3.5545812
product89,20221111,1.6244593,1.0437565,0.5875001
product89,20221114,6.367154,4.5994163,1.9260708
product89,20221115,6.9916434,2.112201,4.821767
product89,20221116,7.458799,1.1791677,6.1647997
product89,20221117,3.0028062,1.4632095,1.6440213
product89,20221118,1.8586003,2.4559932,-0.3948891
product89,20221121,9.123146,2.4144151,6.7477455
product89,20221122,1.507292,1.944227,-0.1489615
product89,20221123,2.567088,2.066515,0.7538171
product9,20221110,7.6772428,6.685329,1.1729771
product9,20221111,5.624672,1.8561245,3.8900683
product9,20221114,21.32786,5.2334366,15.974199
product9,20221115,6.8314934,1.6027757,5.4389486
product9,20221116,7.2581387,5.5218477,2.188192
product9,20221117,6.02821,2.4264307,3.749354
product9,20221118,0.80836886,3.3124242,-2.3795867
product9,20221121,7.1858134,3.360923,3.7887387
product9,20221122,3.6528854,2.398223,1.3662658
product9,20221123,3.818462,2.9462879,0.9874953
product90,20221110,1.4545882,1.0421367,0.4723171
product90,20221111,0.81884295,0.5819099,0.23524044
product90,20221114,2.026858,4.660155,-2.3495681
product90,20221115,2.2664502,1.7361069,0.68853444
product90,20221116,1.9234148,1.359466,0.7917633
product90,20221117,2.4101715,1.1665798,1.561125
product90,20221118,2.322198,1.6167502,0.98393655
product90,20221121,4.9068346,0.36629456,4.96563
product90,20221122,1.1971806,1.0438775,0.3464081
product90,20221123,0.9046064,0.9908852,0.043470427
product91,20221110,2.8560953,0.67470336,2.3110418
product91,20221111,0.8947551,0.7219828,0.11199772
product91,20221114,3.252676,3.2089798,0.13540386
product91,20221115,5.5116477,1.196855,4.233588
product91,20221116,3.3570228,1.1584407,2.2379837
product91,20221117,2.2064285,2.3801942,0.05413182
product91,20221118,2.5206108,2.0288382,0.7457216
product91,20221121,7.009256,0.75726736,6.4092712
product91,20221122,0.9666364,1.4775256,-0.35417473
product91,20221123,1.4829917,1.3489267,0.32784545
product92,20221110,9.880505,6.155009,3.6731138
product92,20221111,7.04786,2.8403635,3.955634
product92,20221114,11.313071,10.862889,0.8426099
product92,20221115,8.843784,3.1781898,5.4492836
product92,20221116,8.290345,4.8958955,3.4932537
product92,20221117,3.7773924,3.6815383,0.37562457
product92,20221118,7.5427303,1.3092699,6.0173283
product92,20221121,16.81328,12.697009,4.147721
product92,20221122,4.9625244,2.202616,2.5974088
product92,20221123,4.4095507,4.1756477,0.31729752
product93,20221110,2.3438206,5.300931,-2.669302
product93,20221111,3.2995598,1.0816708,2.2540917
product93,20221114,12.197755,5.3304715,6.9073815
product93,20221115,4.664854,2.308153,2.5039387
product93,20221116,2.753135,4.481436,-1.3419632
product93,20221117,3.6528974,6.9269753,-2.7310228
product93,20221118,3.4387398,2.6926384,0.89142525
product93,20221121,4.383253,1.5603079,2.9072955
product93,20221122,1.8540213,0.81410444,1.254461
product93,20221123,1.5529916,1.10908,0.57299936
product94,20221110,4.2730427,0.9241168,3.3657103
product94,20221111,3.3579679,0.45433146,3.0811152
product94,20221114,6.493664,2.6209266,3.8831828
product94,20221115,5.228606,0.9742987,4.2822723
product94,20221116,6.398247,0.7226809,5.6589255
product94,20221117,5.8900685,0.5540639,5.355857
product94,20221118,3.41256,0.7684228,2.6903903
product94,20221121,7.07179,0.73905236,6.3563595
product94,20221122,0.9761269,0.80666906,0.2801786
product94,20221123,1.0308625,0.6200939,0.61204684
product95,20221110,7.738227,4.251677,3.5046473
product95,20221111,3.0553377,2.3089929,0.9091411
product95,20221114,19.252636,10.216281,9.274421
product95,20221115,7.396247,1.9198436,5.5444527
product95,20221116,8.791991,2.7669754,6.142951
product95,20221117,6.3905897,2.660989,4.0310616
product95,20221118,4.5639,0.57378143,4.324206
product95,20221121,25.938543,13.459343,12.764558
product95,20221122,7.7082214,1.494383,6.2986517
product95,20221123,14.156062,6.6738935,7.6718035
product96,20221110,9.463771,5.020149,4.286458
product96,20221111,4.697141,1.5917517,2.9659338
product96,20221114,15.831404,11.496412,4.61553
product96,20221115,8.910456,3.3538258,5.6122365
product96,20221116,7.1771317,3.8384821,3.5728092
product96,20221117,4.452418,1.8713719,2.7796826
product96,20221118,2.49711,1.6149019,0.9998314
product96,20221121,8.106178,11.947393,-3.199789
product96,20221122,2.6896534,1.6586896,1.1659546
product96,20221123,2.2924814,1.5370265,0.85394114
product97,20221110,2.1588154,0.98084474,1.2773525
product97,20221111,1.7201836,0.5184556,1.373513
product97,20221114,3.2313955,2.2842488,1.0058038
product97,20221115,5.018086,1.0174444,3.9639924
product97,20221116,4.806974,0.5109943,4.332876
product97,20221117,3.3005989,0.3980028,3.033296
product97,20221118,1.8153157,0.8622352,0.97969013
product97,20221121,5.854158,0.07307316,6.514289
product97,20221122,2.4242516,0.6296639,2.0489097
product97,20221123,1.4565214,0.9782724,0.6924148
product98,20221110,2.242736,0.95968604,1.3810072
product98,20221111,1.5425221,0.51938146,1.1764013
product98,20221114,2.089079,1.9535257,0.16642158
product98,20221115,4.248309,0.83664995,3.4034352
product98,20221116,3.9152262,0.44684726,3.5408936
product98,20221117,2.4625535,0.35859257,2.2512164
product98,20221118,1.5855124,0.64449227,0.97407085
product98,20221121,3.404626,0.06751619,4.159454
product98,20221122,1.8933344,0.37076333,1.8376861
product98,20221123,0.6792909,0.82640165,-0.11669101
product99,20221110,5.618623,2.176451,3.3397639
product99,20221111,3.6277292,0.66952527,3.0325904
product99,20221114,7.082589,3.4998012,3.7143693
product99,20221115,5.516266,1.817267,3.8544307
product99,20221116,4.4455404,0.90098035,3.7386746
product99,20221117,4.53629,0.7105482,3.99265
product99,20221118,3.402369,0.7160272,2.846983
product99,20221121,8.9698925,0.9313781,8.029465
product99,20221122,3.3796124,0.3154152,3.5509272
product99,20221123,3.7144034,1.8158798,2.1241236
